Workbook

Sheet Rev
B2: Rev | C2: Date | D2: Update description
B3: 0.1 | C3: 2025/2/8 | D3: 2260E init version, 修订 更新SYS指令中msg_id/dst_id/src_id为8/2/8bit; 删除cfg_plane_good配置
B4: 0.2 | C4: 2025/2/18 | D4: 删除长指令，LIN、VC des_cmd_short修正为384bit,cfg拆解128bit
B5: 0.3 | C5: 2025/2/19 | D5: 修复cfg_des_addr为33bit，删除对cfg_des_addr_end的支持 通过当前代码版本对齐配置信息，增加cfg_fbt_roi_pord_dis
B6: 0.4 | C6: 2025/2/21 | D6: 删除cfg_srd_id寄存器
B7: 0.5 | C7: 2025/2/26 | D7: 增加遗漏的cfg1高位32bit的cfgr_curr_cmdid配置信号
B8: 0.6 | C8: 2025/2/28 | D8: SYS指令中des_imm与rtl功能对齐-msg id取值方式继承2260
B9: 0.7 | C9: 2025/3/5 | D9: 更新Base Address
B10: 0.8 | C10: 2025/3/6 | D10: 与代码对齐0x100配置寄存器
B11: 0.9 | C11: 2025/4/21 | D11: 与tensor_extension_instruction_code_v2.0.14对齐
B12: 1 | C12: 2025/5/21 | D12: 与tensor_extension_instruction_code_v2.0.16对齐

Sheet Control register base=0x100
A1: Project Name | B1: 2260E
A2: Sub system | B2: tpu
A3: Module Name | B3: dpc_des_reg
A4: Address Width
A5: Main Clock | B5: clk
A6: Second Clock | B6: NA
A7: Main Reset | B7: rst_n
A8: Second Reset | B8: NA
A9: File Version | B9: V 0.2
A10: Creation Date | B10: 2/8/2025
A11: Base Address | B11: 800_0100
A12: //
A13: // Begin
A14: Reg High Address | B14: Reg Low Address | C14: Register Name | E14: Field | F14: Short Description | G14: Register Description | H14: Bits | I14: MSB | J14: LSB | K14: RW | L14: Init | M14: Field Description | N14: Mask | O14: check value | P14: shadow | Q14: shadow ctrl | R14: shadow read | S14: cross clock | T14: cross rst | U14: group | V14: Visibility | X14: Bits | Y14: MSB | Z14: LSB
A15: h04 | B15: h00 | C15: cfg0 | D15: cfg0_L | E15: cfg_en | H15: 1 | I15: =J15+H15-1 -> 0 | J15: 0 | K15: RW | L15: =H15&"'h0" -> 1'h0 | M15: TPU使能 | X15: 1 | Y15: =Z15+X15-1 -> 0 | Z15: 0 | AA15: cfg_reg
E16: cfg_intr_stat | H16: 1 | I16: =J16+H16-1 -> 1 | J16: =I15+1 -> 1 | K16: W1C | L16: =H16&"'h0" -> 1'h0 | M16: R/W1C TIU interrupt Status | X16: 1 | Y16: =Z16+X16-1 -> 1 | Z16: =Y15+1 -> 1
E17: cfgr_curr_cmdid | H17: 24 | I17: =J17+H17-1 -> 25 | J17: =I16+1 -> 2 | K17: RO | L17: =H17&"'h0" -> 24'h0 | M17: 上一个执行完的command id，32bit在cfg1可读 | X17: 24 | Y17: =Z17+X17-1 -> 25 | Z17: =Y16+1 -> 2
E18: cfg_instr_barrier | H18: 1 | I18: =J18+H18-1 -> 26 | J18: =I17+1 -> 26 | K18: RW | L18: =H18&"'h1" -> 1'h1 | M18: 指令barrier | X18: 1 | Y18: =Z18+X18-1 -> 26 | Z18: =Y17+1 -> 26
E19: cfg_data_barrier | H19: 1 | I19: =J19+H19-1 -> 27 | J19: =I18+1 -> 27 | K19: RW | L19: =H19&"'h1" -> 1'h1 | M19: 数据barrier | X19: 1 | Y19: =Z19+X19-1 -> 27 | Z19: =Y18+1 -> 27
E20: cfg_fb_pins_en | H20: 1 | I20: =J20+H20-1 -> 28 | J20: =I19+1 -> 28 | K20: RW | L20: =H20&"'h0" -> 1'h0 | M20: pad insv read buffer | X20: 1 | Y20: =Z20+X20-1 -> 28 | Z20: =Y19+1 -> 28
E21: cfg_fb_pxl_en | H21: 1 | I21: =J21+H21-1 -> 29 | J21: =I20+1 -> 29 | K21: RW | L21: =H21&"'h0" -> 1'h0 | M21: pxl read buffer | X21: 1 | Y21: =Z21+X21-1 -> 29 | Z21: =Y20+1 -> 29
E22: cfg_intr_en | H22: 1 | I22: =J22+H22-1 -> 30 | J22: =I21+1 -> 30 | K22: RW | L22: =H22&"'h1" -> 1'h1 | M22: TIU interrupt global enable | X22: 1 | Y22: =Z22+X22-1 -> 30 | Z22: =Y21+1 -> 30
E23: cfg_cmdbuf_intr_en | H23: 1 | I23: =J23+H23-1 -> 31 | J23: =I22+1 -> 31 | K23: RW | L23: =H23&"'h0" -> 1'h0 | M23: des buf interrupt enable | X23: 1 | Y23: =Z23+X23-1 -> 31 | Z23: =Y22+1 -> 31
E24: cfg_cmdbuf_avail | H24: 9 | I24: =J24+H24-1 -> 40 | J24: =I23+1 -> 32 | K24: RO | L24: =H24&"'h80" -> 9'h80 | M24: des buf剩余空间，cfg_cmdbuf_avail*128Byte, 最多128*128Byte | X24: 9 | Y24: =Z24+X24-1 -> 40 | Z24: =Y23+1 -> 32
E25: cfg_cmdbuf_avail | H25: 3 | I25: =J25+H25-1 -> 43 | J25: =I24+1 -> 41 | K25: RO | L25: =H25&"'h0" -> 3'h0 | M25: tie0 | X25: 3 | Y25: =Z25+X25-1 -> 43 | Z25: =Y24+1 -> 41
E26: cfg_cmdbuf_intr_biten | H26: 4 | I26: =J26+H26-1 -> 47 | J26: =I25+1 -> 44 | K26: RW | L26: =H26&"'h0" -> 4'h0 | M26: 使能cmdbuf中断 | X26: 4 | Y26: =Z26+X26-1 -> 47 | Z26: =Y25+1 -> 44
E27: cfg_cmdbuf_intr_stat | H27: 4 | I27: =J27+H27-1 -> 51 | J27: =I26+1 -> 48 | K27: RO | L27: =H27&"'h0" -> 4'h0 | M27: cmdbuf中断情况 | X27: 4 | Y27: =Z27+X27-1 -> 51 | Z27: =Y26+1 -> 48
E28: cfg_dma_ban_overlap | H28: 1 | I28: =J28+H28-1 -> 52 | J28: =I27+1 -> 52 | K28: RW | L28: =H28&"'h0" -> 1'h0 | M28: dma | X28: 1 | Y28: =Z28+X28-1 -> 52 | Z28: =Y27+1 -> 52
E29: cfg_dma_space_margin | H29: 1 | I29: =J29+H29-1 -> 53 | J29: =I28+1 -> 53 | K29: RW | L29: =H29&"'h0" -> 1'h0 | M29: dma总线，读出fifo空间控制 降低outstanding数量 | X29: 1 | Y29: =Z29+X29-1 -> 53 | Z29: =Y28+1 -> 53
E30: cfg_des_mode | H30: 1 | I30: =J30+H30-1 -> 54 | J30: =I29+1 -> 54 | K30: RO | L30: =H30&"'h0" -> 1'h0 | M30: des mode | X30: 1 | Y30: =Z30+X30-1 -> 54 | Z30: =Y29+1 -> 54
E31: cfg_des_clr_busy | H31: 1 | I31: =J31+H31-1 -> 55 | J31: =I30+1 -> 55 | K31: RO | L31: =H31&"'h0" -> 1'h0 | M31: 清除des buf里的指令 | X31: 1 | Y31: =Z31+X31-1 -> 55 | Z31: =Y30+1 -> 55
E32: cfg_fb_only_cmm2 | H32: 1 | I32: =J32+H32-1 -> 56 | J32: =I31+1 -> 56 | K32: RW | L32: =H32&"'h0" -> 1'h0 | M32: 只在conv mm2 pord的时候开启pxl/pins buffer | X32: 1 | Y32: =Z32+X32-1 -> 56 | Z32: =Y31+1 -> 56
E33: cfg_fb_conv_dis | H33: 1 | I33: =J33+H33-1 -> 57 | J33: =I32+1 -> 57 | K33: RW | L33: =H33&"'h0" -> 1'h0 | M33: conv指令下关闭pxl/pins buffer | X33: 1 | Y33: =Z33+X33-1 -> 57 | Z33: =Y32+1 -> 57
E34: cfg_fb_mm2_dis | H34: 1 | I34: =J34+H34-1 -> 58 | J34: =I33+1 -> 58 | K34: RW | L34: =H34&"'h0" -> 1'h0 | M34: mm2指令下关闭pxl/pins buffer | X34: 1 | Y34: =Z34+X34-1 -> 58 | Z34: =Y33+1 -> 58
E35: cfg_fb_mm2_nt_dis | H35: 1 | I35: =J35+H35-1 -> 59 | J35: =I34+1 -> 59 | K35: RW | L35: =H35&"'h0" -> 1'h0 | M35: mm2_nt指令下不打开pxl/pins buffer | X35: 1 | Y35: =Z35+X35-1 -> 59 | Z35: =Y34+1 -> 59
E36: cfg_fb_pord_dis | H36: 1 | I36: =J36+H36-1 -> 60 | J36: =I35+1 -> 60 | K36: RW | L36: =H36&"'h0" -> 1'h0 | M36: pord指令下不打开pxl/pins buffer | X36: 1 | Y36: =Z36+X36-1 -> 60 | Z36: =Y35+1 -> 60
... E39: cfg_rst_cmdid | H39: 1 | I39: =J39+H39-1 -> 63 | J39: =I38+1 -> 63 | K39: RW | L39: =H39&"'h0" -> 1'h0 | M39: 自动清0 | X39: 1 | Y39: =Z39+X39-1 -> 63 | Z39: =Y38+1 -> 63
A40: h0c | B40: h08 | D40: cfg0_H | E40: cfg_des_addr_vld | H40: 1 | I40: =J40+H40-1 -> 64 | J40: =I39+1 -> 64 | K40: RW | L40: =H40&"'h0" -> 1'h0 | M40: 使能descriptor模式 写1‘b1 使能 自动清0 | X40: 1 | Y40: =Z40+X40-1 -> 64 | Z40: =Y39+1 -> 64
E41: cfg_des_clr | H41: 1 | I41: =J41+H41-1 -> 65 | J41: =I40+1 -> 65 | K41: W1C | L41: =H41&"'h0" -> 1'h0 | M41: 写1清空des buf | X41: 1 | Y41: =Z41+X41-1 -> 65 | Z41: =Y40+1 -> 65
E42: cfg_des_addr | H42: 33 | I42: =J42+H42-1 -> 98 | J42: =I41+1 -> 66 | K42: RW | L42: =H42&"'h0" -> 33'h0 | M42: descriptor地址{cfg_des_addr, 7'b0} Descriptor结束通过sys end指令设置中断置位。 | X42: 33 | Y42: =Z42+X42-1 -> 98 | Z42: =Y41+1 -> 66
E43: cfg0_rsvd0 | H43: 27 | I43: =J43+H43-1 -> 125 | J43: =I42+1 -> 99 | K43: RO | L43: =H43&"'h0" -> 27'h0 | M43: reserved | X43: 27 | Y43: =Z43+X43-1 -> 125 | Z43: =Y42+1 -> 99
E44: cfg_des_resp_err | H44: 1 | I44: =J44+H44-1 -> 126 | J44: =I43+1 -> 126 | K44: RO | L44: =H44&"'h0" -> 1'h0 | M44: DES模式, AX接口slave err或者decode err, 硬件置位，软件清0 | X44: 1 | Y44: =Z44+X44-1 -> 126 | Z44: =Y43+1 -> 126
E45: cfg0_rsvd1 | H45: 1 | I45: =J45+H45-1 -> 127 | J45: =I44+1 -> 127 | K45: RO | L45: =H45&"'h0" -> 1'h0 | M45: reserved | X45: 1 | Y45: =Z45+X45-1 -> 127 | Z45: =Y44+1 -> 127
A46: h1c | B46: h10 | C46: cfg1 | E46: cfg_des_arqos | H46: 4 | I46: =J46+H46-1 -> 3 | J46: 0 | K46: RW | L46: 4'h0 | M46: DES口ARQoS | X46: 4 | Y46: =Z46+X46-1 -> 131 | Z46: =Y45+1 -> 128
E47: cfg_des_awqos | H47: 4 | I47: =J47+H47-1 -> 7 | J47: =I46+1 -> 4 | K47: RW | L47: 4'h0 | M47: DES口AWQoS | X47: 4 | Y47: =Z47+X47-1 -> 135 | Z47: =Y46+1 -> 132
E48: cfg_tpu_idle | H48: 1 | I48: =J48+H48-1 -> 8 | J48: =I47+1 -> 8 | K48: RO | L48: 1'b0 | M48: TPU IDLE状态 | X48: 1 | Y48: =Z48+X48-1 -> 136 | Z48: =Y47+1 -> 136
E49: cfg1_rsvd0 | H49: 55 | I49: =J49+H49-1 -> 63 | J49: =I48+1 -> 9 | K49: RO | L49: 87'b0 | M49: reserved | X49: 55 | Y49: =Z49+X49-1 -> 191 | Z49: =Y48+1 -> 137
E50: cfg1_rsvd1 | H50: 32 | I50: =J50+H50-1 -> 95 | J50: =I49+1 -> 64 | K50: RO | L50: 87'b0 | M50: reserved | X50: 32 | Y50: =Z50+X50-1 -> 223 | Z50: =Y49+1 -> 192
E51: cfgr_curr_cmdid | H51: 32 | I51: =J51+H51-1 -> 127 | J51: =I50+1 -> 96 | K51: RO | L51: 32'b0 | M51: 上一个执行完的command id | X51: 32 | Y51: =Z51+X51-1 -> 255 | Z51: =Y50+1 -> 224
A52: h2c | B52: h20 | C52: cfg2 | D52: rand seed | E52: cfg_seed_initial | H52: 64 | I52: =J52+H52-1 -> 63 | J52: 0 | K52: RW | L52: 64'ha251b061c408d132 | M52: initial seed of rand gen，读时读到rand处理后的seed | X52: 64 | Y52: =Z52+X52-1 -> 319 | Z52: =Y51+1 -> 256
D53: cfg2_H | E53: cfg_arcache | H53: 4 | I53: =J53+H53-1 -> 67 | J53: =I52+1 -> 64 | K53: RW | L53: 4'h0 | M53: arcache to tpu cmd - tpu des arcache rs | X53: 4 | Y53: =Z53+X53-1 -> 323 | Z53: =Y52+1 -> 320
E54: cfg_awcache | H54: 4 | I54: =J54+H54-1 -> 71 | J54: =I53+1 -> 68 | K54: RW | L54: 4'h0 | M54: awcache to tpu perf monitor - awcache | X54: 4 | Y54: =Z54+X54-1 -> 327 | Z54: =Y53+1 -> 324
E55: cfg2_rsvd0 | H55: 56 | I55: =J55+H55-1 -> 127 | J55: =I54+1 -> 72 | K55: RO | L55: 56'b0 | M55: reserved | X55: 56 | Y55: =Z55+X55-1 -> 383 | Z55: =Y54+1 -> 328
A56: h3c | B56: h30 | C56: cfg3 | D56: cfg3_L | E56: cfg_load_mon_en | H56: 1 | I56: =J56+H56-1 -> 0 | J56: 0 | K56: RW | L56: 1'b0 | M56: 使能loading monitor功能 | X56: 1 | Y56: =Z56+X56-1 -> 384 | Z56: =Y55+1 -> 384
E57: cfg_load_mon_clr | H57: 1 | I57: =J57+H57-1 -> 1 | J57: =I56+1 -> 1 | K57: W1C | L57: 1'b0 | M57: 对load_mon_cnt, instr_vld_cnt, instr_iss_cnt同步清0，写1后，硬件自动清0 | X57: 1 | Y57: =Z57+X57-1 -> 385 | Z57: =Y56+1 -> 385
E58: cfg3_rsvd0 | H58: 62 | I58: =J58+H58-1 -> 63 | J58: =I57+1 -> 2 | K58: RO | L58: 62'd0 | M58: reserved | X58: 62 | Y58: =Z58+X58-1 -> 447 | Z58: =Y57+1 -> 386
D59: cfg3_H | E59: cfg_load_mon_cnt | H59: 56 | I59: =J59+H59-1 -> 119 | J59: =I58+1 -> 64 | K59: RO | L59: 56'd0 | M59: load mon计数器，当cfg_load_mon_en使能后，对时钟计数 | X59: 56 | Y59: =Z59+X59-1 -> 503 | Z59: =Y58+1 -> 448
E60: cfg3_rsvd1 | H60: 8 | I60: =J60+H60-1 -> 127 | J60: =I59+1 -> 120 | K60: RO | L60: 8'd0 | M60: reserved | X60: 8 | Y60: =Z60+X60-1 -> 511 | Z60: =Y59+1 -> 504
A61: h4c | B61: h40 | C61: cfg4 | D61: cfg4_L | E61: cfg_instr_vld_cnt | H61: 56 | I61: =J61+H61-1 -> 55 | J61: 0 | K61: RO | L61: 56'd0 | M61: 指令队列里有待发射的指令时，进行计数 | X61: 56 | Y61: =Z61+X61-1 -> 567 | Z61: =Y60+1 -> 512
E62: cfg4_rsvd0 | H62: 8 | I62: =J62+H62-1 -> 63 | J62: =I61+1 -> 56 | K62: RO | L62: 8'd0 | M62: reserved | X62: 8 | Y62: =Z62+X62-1 -> 575 | Z62: =Y61+1 -> 568
D63: cfg4_H | E63: cfg4_instr_iss_cnt | H63: 56 | I63: =J63+H63-1 -> 119 | J63: =I62+1 -> 64 | K63: RO | L63: 56'd0 | M63: 指令队列有正在执行的指令时，进行计数 | X63: 56 | Y63: =Z63+X63-1 -> 631 | Z63: =Y62+1 -> 576
E64: cfg4_rsvd1 | H64: 8 | I64: =J64+H64-1 -> 127 | J64: =I63+1 -> 120 | K64: RO | L64: 8'd0 | M64: reserved | X64: 8 | Y64: =Z64+X64-1 -> 639 | Z64: =Y63+1 -> 632
A65: h54 | B65: h50 | C65: cfg5 | D65: cfg5_L | E65: cfg_tpu_slave | H65: 1 | I65: =J65+H65-1 -> 0 | J65: 0 | K65: RW | L65: 1'b0 | M65: ~cfg_tpu_id | X65: 1 | Y65: =Z65+X65-1 -> 640 | Z65: =Y64+1 -> 640
E66: cfg5_rsvd0 | H66: 31 | I66: =J66+H66-1 -> 31 | J66: =I65+1 -> 1 | K66: RO | L66: 31'b0 | M66: reserved | X66: 31 | Y66: =Z66+X66-1 -> 671 | Z66: =Y65+1 -> 641
E67: cfg_base_msgid | H67: 10 | I67: =J67+H67-1 -> 41 | J67: =I66+1 -> 32 | K67: RW | L67: =H67&"'h0" -> 10'h0 | M67: MSG tpu base_msgid | X67: 10 | Y67: =Z67+X67-1 -> 681 | Z67: =Y66+1 -> 672
E68: cfg5_rsvd1 | H68: 12 | I68: =J68+H68-1 -> 53 | J68: =I67+1 -> 42 | K68: RO | L68: =H68&"'h0" -> 12'h0 | M68: reserved | X68: 12 | Y68: =Z68+X68-1 -> 693 | Z68: =Y67+1 -> 682
E69: cfg5_rsvd2 | H69: 10 | I69: =J69+H69-1 -> 63 | J69: =I68+1 -> 54 | K69: RO | L69: 2'b0 | M69: reserved | X69: 10 | Y69: =Z69+X69-1 -> 703 | Z69: =Y68+1 -> 694
A70: h5c | B70: h58 | D70: cfg5_H | E70: perf_aw_addr | H70: 40 | I70: =J70+H70-1 -> 103 | J70: =I69+1 -> 64 | K70: RO | L70: 40'b0 | M70: performance monitor wr addr | X70: 40 | Y70: =Z70+X70-1 -> 743 | Z70: =Y69+1 -> 704
E71: cfg_stopper_pause_done | H71: 1 | I71: =J71+H71-1 -> 104 | J71: =I70+1 -> 104 | K71: RO | L71: 1'b0 | M71: 所有传输都已经结束，且不会发起新的传输 | X71: 1 | Y71: =Z71+X71-1 -> 744 | Z71: =Y70+1 -> 744
E72: cfg_stopper_enable | H72: 1 | I72: =J72+H72-1 -> 105 | J72: =I71+1 -> 105 | K72: RW | L72: 1'b0 | M72: 使能stopper | X72: 1 | Y72: =Z72+X72-1 -> 745 | Z72: =Y71+1 -> 745
E73: cfg_stopper_bypass | H73: 1 | I73: =J73+H73-1 -> 106 | J73: =I72+1 -> 106 | K73: RW | L73: 1'b0 | M73: stopper为bypass模式 | X73: 1 | Y73: =Z73+X73-1 -> 746 | Z73: =Y72+1 -> 746
E74: cfg5_rsvd3 | H74: 21 | I74: =J74+H74-1 -> 127 | J74: =I73+1 -> 107 | K74: RO | L74: 21'b0 | M74: reserved | X74: 21 | Y74: =Z74+X74-1 -> 767 | Z74: =Y73+1 -> 747
A75: h64 | B75: h60 | C75: cfg6 | D75: cfg6_L | E75: cfg_inst_err_cnt | H75: 16 | I75: =J75+H75-1 -> 15 | J75: 0 | K75: RO | L75: 16'h0 | M75: des_hw_err(des buf err) cnt | X75: 16 | Y75: =Z75+X75-1 -> 783 | Z75: =Y74+1 -> 768
E76: cfg_inst_parity_next_err_id | H76: 32 | I76: =J76+H76-1 -> 47 | J76: =I75+1 -> 16 | K76: RO | L76: 32‘h0 | M76: cmd_id_cnt if not des_hw_err，记录第一次错的前一个cmdid | X76: 32 | Y76: =Z76+X76-1 -> 815 | Z76: =Y75+1 -> 784
E77: cfg6_rsvd0 | H77: 16 | I77: =J77+H77-1 -> 63 | J77: =I76+1 -> 48 | K77: RO | L77: 62'b0 | M77: reserved | X77: 16 | Y77: =Z77+X77-1 -> 831 | Z77: =Y76+1 -> 816
A78: h6c | B78: h68 | D78: cfg6_H | E78: cfg6_rsvd1 | H78: 64 | I78: =J78+H78-1 -> 127 | J78: =I77+1 -> 64 | K78: RO | L78: 30'b0 | M78: reserved | X78: 64 | Y78: =Z78+X78-1 -> 895 | Z78: =Y77+1 -> 832
A79: h7c | B79: h70 | C79: cfg7 | E79: cfg7_rsvd0 | H79: 6 | I79: =J79+H79-1 -> 5 | J79: 0 | K79: RO | L79: 16'h0 | M79: reserved | X79: 6 | Y79: =Z79+X79-1 -> 901 | Z79: =Y78+1 -> 896
E80: ='Control register base=0x100'!E80 -> cfg_monitor_en | H80: 1 | I80: =J80+H80-1 -> 6 | J80: =I79+1 -> 6 | K80: RW | L80: 1'b0 | M80: cfg_monitor_en，tpu performance monitor的使能信号 | X80: 1 | Y80: =Z80+X80-1 -> 902 | Z80: =Y79+1 -> 902
E81: ='Control register base=0x100'!E81 -> cfg_result_start_addr | H81: 40 | I81: =J81+H81-1 -> 46 | J81: =I80+1 -> 7 | K81: RW | L81: 35'h0 | M81: cfg_result_start_addr，保存monitor输出结果的起始地址，需要在配cfg_monitor_en之前配置 | X81: 40 | Y81: =Z81+X81-1 -> 942 | Z81: =Y80+1 -> 903
E82: ='Control register base=0x100'!E82 -> cfg_result_end_addr | H82: 40 | I82: =J82+H82-1 -> 86 | J82: =I81+1 -> 47 | K82: RW | L82: 35'h0 | M82: cfg_result_end_addr，保存monitor输出结果的结束地址，需要在配置cfg_monitor_en之前配置 | X82: 40 | Y82: =Z82+X82-1 -> 982 | Z82: =Y81+1 -> 943
E83: ='Control register base=0x100'!E83 -> cfg_cmpt_en | H83: 1 | I83: =J83+H83-1 -> 87 | J83: =I82+1 -> 87 | K83: RW | L83: 1'b0 | M83: cfg_cmpt_en，计算使能 | X83: 1 | Y83: =Z83+X83-1 -> 983 | Z83: =Y82+1 -> 983
E84: ='Control register base=0x100'!E84 -> cfg_cmpt_val | H84: 16 | I84: =J84+H84-1 -> 103 | J84: =I83+1 -> 88 | K84: RW | L84: 16'h0 | M84: cfg_cmpt_val，计算数据，在cfg_cmpt_en之前或同时配置 | X84: 16 | Y84: =Z84+X84-1 -> 999 | Z84: =Y83+1 -> 984
E85: ='Control register base=0x100'!E85 -> cfg_rd_instr_en | H85: 1 | I85: =J85+H85-1 -> 104 | J85: =I84+1 -> 104 | K85: RW | L85: 1'b0 | M85: cfg_rd_instr_en，read instruction enable | X85: 1 | Y85: =Z85+X85-1 -> 1000 | Z85: =Y84+1 -> 1000
E86: ='Control register base=0x100'!E86 -> cfg_rd_instr_stall_en | H86: 1 | I86: =J86+H86-1 -> 105 | J86: =I85+1 -> 105 | K86: RW | L86: 1'b0 | M86: cfg_rd_instr_stall_en, read instruction stall enable | X86: 1 | Y86: =Z86+X86-1 -> 1001 | Z86: =Y85+1 -> 1001
E87: ='Control register base=0x100'!E87 -> cfg_wr_instr_en | H87: 1 | I87: =J87+H87-1 -> 106 | J87: =I86+1 -> 106 | K87: RW | L87: 1'b0 | M87: cfg_wr_instr_en, write instruction enable | X87: 1 | Y87: =Z87+X87-1 -> 1002 | Z87: =Y86+1 -> 1002
E88: cfg_clk_gate_en | H88: 1 | I88: =J88+H88-1 -> 107 | J88: =I87+1 -> 107 | K88: RW | L88: 1'b0 | M88: 为高时表示开启指令间空闲时时钟门以及dma时钟门 | X88: 1 | Y88: =Z88+X88-1 -> 1003 | Z88: =Y87+1 -> 1003
E89: cfg_eu_clk_gate_en | H89: 1 | I89: =J89+H89-1 -> 108 | J89: =I88+1 -> 108 | K89: RW | L89: 1'b0 | M89: 为高时表示开启eu的clk_gate功能 | X89: 1 | Y89: =Z89+X89-1 -> 1004 | Z89: =Y88+1 -> 1004
E90: cfg_cube_clk_gate_en | H90: 1 | I90: =J90+H90-1 -> 109 | J90: =I89+1 -> 109 | K90: RW | L90: 1'b0 | M90: 为高时表示开启cube的clk_gate功能 | X90: 1 | Y90: =Z90+X90-1 -> 1005 | Z90: =Y89+1 -> 1005
E91: cfg_lmem_clk_gate_en | H91: 1 | I91: =J91+H91-1 -> 110 | J91: =I90+1 -> 110 | K91: RW | L91: 1'b0 | M91: 为高时表示开启lmem的clk_gate功能 | X91: 1 | Y91: =Z91+X91-1 -> 1006 | Z91: =Y90+1 -> 1006
E92: cfg_eu_clk_buf | H92: 4 | I92: =J92+H92-1 -> 114 | J92: =I91+1 -> 111 | K92: RW | L92: 4'd0 | M92: eu clk延迟关闭的调整时间 | X92: 4 | Y92: =Z92+X92-1 -> 1010 | Z92: =Y91+1 -> 1007
E93: cfg_cube_clk_buf | H93: 4 | I93: =J93+H93-1 -> 118 | J93: =I92+1 -> 115 | K93: RW | L93: 4'd0 | M93: cube clk延迟关闭的调整时间 | X93: 4 | Y93: =Z93+X93-1 -> 1014 | Z93: =Y92+1 -> 1011
E94: cfg_lmem_clk_buf | H94: 4 | I94: =J94+H94-1 -> 122 | J94: =I93+1 -> 119 | K94: RW | L94: 4'd0 | M94: lmem clk延迟关闭的调整时间 | X94: 4 | Y94: =Z94+X94-1 -> 1018 | Z94: =Y93+1 -> 1015
E95: cfg_ar_fmt0_lp_en | H95: 1 | I95: =J95+H95-1 -> 123 | J95: =I94+1 -> 123 | K95: RW | L95: 1'b1 | M95: AR指令对齐格式低功耗使能 | X95: 1 | Y95: =Z95+X95-1 -> 1019 | Z95: =Y94+1 -> 1019
E96: cfg_dpc_pulse_clr_buf | H96: 1 | I96: =J96+H96-1 -> 124 | J96: =I95+1 -> 124 | K96: RW | L96: 1'b0 | M96: cfg_dpc_pulse_clr_buf | X96: 1 | Y96: =Z96+X96-1 -> 1020 | Z96: =Y95+1 -> 1020
E97: cfg7_rsvd1 | H97: 3 | I97: =J97+H97-1 -> 127 | J97: =I96+1 -> 125 | K97: RO | L97: 5'h0 | M97: reserved | X97: 3 | Y97: =Z97+X97-1 -> 1023 | Z97: =Y96+1 -> 1021
A98: h8c | B98: h80 | C98: cfg8 | E98: cfg8_rsvd0 | H98: 128 | I98: =J98+H98-1 -> 127 | J98: 0 | K98: RO | L98: 128‘b0 | M98: reserved | X98: 128 | Y98: =Z98+X98-1 -> 127 | Z98: 0 | AA98: cfg_reg1
A99: h9c | B99: h90 | C99: cfg9 | E99: cfg9_rsvd0 | H99: 128 | I99: =J99+H99-1 -> 127 | J99: 0 | K99: RO | L99: 128‘b0 | M99: reserved | X99: 128 | Y99: =Z99+X99-1 -> 255 | Z99: =Y98+1 -> 128
A100: hac | B100: ha0 | C100: cfg10 | E100: cfg_redundant_lane_id | H100: 128 | I100: =J100+H100-1 -> 127 | J100: 0 | K100: RW | L100: 128'b0 | M100: [6:0] - cfg_redundant_id [7] - cfg_redundant_en [127:8] - reserved | X100: 128 | Y100: =Z100+X100-1 -> 383 | Z100: =Y99+1 -> 256
A101: hbc | B101: hb0 | C101: cfg11 | E101: cfg_pwr_ctrl_en1 | H101: 1 | I101: =J101+H101-1 -> 0 | J101: 0 | K101: RW | L101: 1'h0 | X101: 1 | Y101: =Z101+X101-1 -> 384 | Z101: =Y100+1 -> 384
E102: cfg_ctrl_step_len1 | H102: 3 | I102: =J102+H102-1 -> 3 | J102: =I101+1 -> 1 | K102: RW | L102: 3'h0 | X102: 3 | Y102: =Z102+X102-1 -> 387 | Z102: =Y101+1 -> 385
...

Sheet TGCR
A1: arch name | B1: Addr | C1: IDX | D1: Width(bit) | E1: Description | F1: A2 support | G1: Conv | H1: MM2 | I1: PorD | J1: MM
A2: T0 | B2: 0 | C2: 0 | D2: 32 | E2: opd0 addr | F2: N
A3: T1 | B3: 4 | C3: 1 | D3: 32 | E3: opd1 addr | F3: N
A4: T2 | B4: 8 | C4: 2 | D4: 32 | E4: opd2 addr | F4: N
A5: T3 | B5: 12 | C5: 3 | D5: 32 | E5: res0 addr | F5: N
A6: T4 | B6: 16 | C6: 4 | D6: 32 | E6: opd3 addr | F6: N
A7: T5 | B7: 20 | C7: 5 | D7: 32 | E7: opd4_addr | F7: Y | G7: 当kzp为常量时，kzp value；当kzp为变量时，kzp地址 | H7: Not used | I7: Not used | J7: Not used
A8: T6 | B8: 24 | C8: 6 | D8: 32 | E8: opd5_addr | F8: Y | G8: 量化参数地址；如果量化参数为常量，则当量化参数为常数时，multiplior | H8: 量化参数地址；如果量化参数为常量，则当量化参数为常数时，multiplior | I8: 量化参数地址；如果量化参数为常量，则当量化参数为常数时，multiplior | J8: Not used
A9: T7 | B9: 28 | C9: 7 | D9: 32 | E9: res1_addr | F9: N
A10: T8 | B10: 32 | C10: 8 | D10: 32 | E10: opd0 w | F10: N
A11: T9 | B11: 36 | C11: 9 | D11: 32 | E11: opd0 h | F11: N
A12: T10 | B12: 40 | C12: 10 | D12: 32 | E12: opd0 c | F12: N
A13: T11 | B13: 44 | C13: 11 | D13: 32 | E13: opd0 n | F13: N
A14: T12 | B14: 48 | C14: 12 | D14: 32 | E14: opd0 w stride | F14: N
A15: T13 | B15: 52 | C15: 13 | D15: 32 | E15: opd0 h stride | F15: N
A16: T14 | B16: 56 | C16: 14 | D16: 32 | E16: opd0 c stride | F16: N
A17: T15 | B17: 60 | C17: 15 | D17: 32 | E17: opd0 n stride | F17: N
A18: T16 | B18: 64 | C18: 16 | D18: 32 | E18: opd1 w | F18: N
A19: T17 | B19: 68 | C19: 17 | D19: 32 | E19: opd1 h | F19: N
A20: T18 | B20: 72 | C20: 18 | D20: 32 | E20: opd1 c | F20: N
... A33: T31 | B33: 124 | C33: 31 | D33: 32 | E33: res0 n stride | F33: N
A34: T32 | B34: 128 | C34: 32 | D34: 32 | E34: TGCR32 | F34: Y | G34: 当量化参数为常数时，移位参数 | H34: 当量化参数为常数时，移位参数 | I34: 当量化参数为常数时，移位参数 | J34: 当量化参数为常数时，移位参数
A35: T33 | B35: 132 | C35: 33 | D35: 32 | E35: TGCR33 | F35: Y | G35: 当量化参数为常数时，rzp | H35: 当量化参数为常数时，yzp | I35: 当量化参数为常数时，yzp | J35: 当量化参数为常数时，yzp
A36: T34 | B36: 136 | C36: 34 | D36: 32 | E36: TGCR34 | F36: N
A40: T127 | B40: 508 | C40: 127 | D40: 32 | E40: 0寄存器，写入无效，可以reg_idx为0xFF，表示一笔无效写入 | F40: Y
A41: T128 | B41: 512 | C41: 128 | D41: 1 | E41: 0：独立模式；1： 组合模式, reset0 | F41: Y
A42: T129 | B42: 516 | C42: 129 | D42: 24 | E42: 指令ID，每执行一条指令+1，可以通过指令sys_tr_wr写入指定值(这种情况下sys_tr_wr指令的cmd id是该指令写入的值) | F42: Y

Sheet Lmem bank constrain
A1: conv1 opd0=image opd1=kernel opd1=bias | B1: winograd opd0=image opd1=kernel opd1=bias | C1: conv2 opd0=image opd1=kernel | D1: depthwise opd0=image opd1=kernel opd2=bias | E1: pooling opd0=image opd1=kernel | F1: matrix1 opd0=left opd1=right opd2=bias | G1: matrix2 opd0=left opd1=right opd2=bias | H1: tensor | I1: table lookup opd0=index opd1=table | J1: lmem | K1: md_sum opd0 = A | L1: mdsfu opd0 = A | M1: mdscalar opd0 = A opd1 = B | N1: md_linear opd0 =A opd1 =B opd2 =Ｓ | O1: decomp opd0=index(tensor_i) opd1=data(tensor_c)
A2: can add result but ic*kh*kw must be larger than 31 | B2: no add result | C2: no add result | D2: no add result | E2: no add result | F2: can add result but left column must be larger than 32 | G2: no add result | H2: no add result | I2: no add result
A3: image != kernel | B3: image != kernel | C3: image != kernel | D3: image != kernel | E3: image != result | F3: left != right | G3: left != right | H3: result != opd0 | I3: result != opd0 | J3: result != opd0 | K3: result != opd0 | L3: result != opd0 | M3: result != opd0 | N3: result != opd0 | O3: result != opd0
A4: image != bias | B4: image != bias | C4: image != bias | D4: image != bias | F4: left != bias | G4: left != result | H4: result != opd1 | M4: result != opd1 | N4: result != opd1 | O4: result != opd1
A5: image != result | B5: image != result | C5: image != result | D5: image != result | F5: left != result | G5: right != result | H5: result != opd2 | M5: opd0 != opd1 | N5: result != opd2 | O5: opd0 != opd1
A6: kernel != result | B6: kernel != result | C6: kernel != result | D6: kernel != result | F6: right != result | N6: opd0 != opd1
A7: bias != result | B7: bias != result | C7: bias != result | D7: bias != result | F7: bias != result
A10: 每个 lane中的local memory分为8个bank
A11: local memory共2个read port 2个write port，对应EU的2读1写，GDMA有独立的写端口，GDMA与EU复用2个读接口，当有至少一个read port空闲的时候，GDMA才进行读操作
A12: GDMA的读写之间可以bank冲突
A13: GDMA的读写和EU操作之间可以bank冲突,性能会有损失
A14: EU的读写之间，读读之间可以有Bank冲突,性能会有损失

Sheet Descriptor mode
A1: 指令读取 TPU有两种方式获取指令，两种模式支持所有指令宽度，支持不同宽度指令混编 PIO 外部向TPU配置指令 DES TPU从memory读取指令
A2: PIO模式，MCU向TPU顺序配置指令，每条指令内的section是以section0~N(N=1, 2, 3, 4, 5, 6, 7)的方式顺序发送。TPU执行指令的顺序与MCU发送顺序须完全一致。TPU根据指令类型和section0[0]获取指令长度，待一条指令完整后执行。 TPU默认PIO模式
A3: DES模式，TPU从外部存储读取指令。指令在memory中顺序排放，并128bit对齐。每条指令内的section以section0~N(N=1, 2, 3, 7)的方式摆放。指令的排放是紧凑的。TPU根据指令类型和section0[0]获取指令长度，待一条指令完整后执行。 MCU须配置TPU指令起始地址，结束地址，然后配置TPU进入DES模式。TPU指令起始地址，顺序从memory读取指令，当TPU执行到SYS(end)指令后，TPU不在读取指令，并将其后的指令fluash掉。TPU执行指令的顺序须与memory中指令排放顺序一致。

Sheet Command register base=0x0
A1: field | B1: Length（bit） | C1: High（bit） | D1: Low（bit） | E1: RW | F1: Default | G1: descriptions | H1: CONV opd0=image opd1=kernel opd2=bias opd3=shift res0=result | I1: PorD opd0=image opd1=kernel opd2=bias(for depth width) | J1: MM opd0=left opd1=right opd2=bias | K1: MM2 opd0=left opd1=right opd2=bias | L1: VC opd0=X opd1=Y | M1: AR & SEG | N1: SFU opd0 = A | O1: LIN opd0 =A opd1 =B opd2 =Ｓ | P1: CMP opd0 =A opd1 =B opd2 =C opd3 =D | Q1: TRANS & BC | R1: RQ & DQ | S1: SG | T1: SGL
A2: des_cmd_short | B2: 1 | C2: =D2+B2-1 -> 0 | D2: 0 | E2: RW | F2: 0x0 | G2: 0: Long Des 1: Short Des | H2: ASITIS | I2: ASITIS | J2: ASITIS | K2: ASITIS | L2: ASITIS | M2: ASITIS | N2: ASITIS | O2: ASITIS | P2: ASITIS | Q2: ASITIS | R2: ASITIS | S2: ASITIS | T2: ASITIS
A3: des_op_code | B3: 16 | C3: =D3+B3-1 -> 16 | D3: =C2+1 -> 1 | E3: RW | F3: 0x0 | G3: 操作码 | H3: 0 | I3: ASITIS | J3: 0 | K3: ASITIS | L3: ASITIS | M3: ASITIS | N3: ASITIS | O3: ASITIS | P3: ASITIS | Q3: ASITIS | R3: ASITIS | S3: ASITIS | T3: ASITIS
A4: des_cmd_id_dep | B4: 23 | C4: =D4+B4-1 -> 39 | D4: =C3+1 -> 17 | E4: RW | F4: 0x0 | G4: Dependency CMD ID 等待des_cmd_id_en指定外部eng ID完成后, 方可执行本descriptor | H4: ASITIS | I4: ASITIS | J4: ASITIS | K4: ASITIS | L4: ASITIS | M4: ASITIS | N4: ASITIS | O4: ASITIS | P4: ASITIS | Q4: ASITIS | R4: ASITIS | S4: ASITIS | T4: ASITIS
A5: des_dbg_mode | B5: 1 | C5: =D5+B5-1 -> 40 | D5: =C4+1 -> 40 | E5: RW | F5: 0x0 | G5: debug single_step des_mode | H5: ASITIS | I5: ASITIS | J5: ASITIS | K5: ASITIS | L5: ASITIS | M5: ASITIS | N5: ASITIS | O5: ASITIS | P5: ASITIS | Q5: ASITIS | R5: ASITIS | S5: ASITIS | T5: ASITIS
A6: des_tsk_typ | B6: 4 | C6: =D6+B6-1 -> 44 | D6: =C5+1 -> 41 | E6: RW | F6: 0x0 | G6: 指令任务类型 0: convolution 1: depthwise or pooling 2: matrix multiply && matrix multiply2 3: arithmetic && SEG 4: RQ && DQ 5: TRANS && BC 6: scatter_gather && scatter_gather_line 7: linear_arithmetic 8: rand_gen 9: special_function 10: fused_linear 11: not support 12: SYS_TR_WR 13: fused_cmpare 14: vector correlation 15: system | H6: ASITIS | I6: ASITIS | J6: ASITIS | K6: ASITIS | L6: ASITIS | M6: ASITIS | N6: ASITIS | O6: ASITIS | P6: ASITIS | Q6: ASITIS | R6: ASITIS | S6: 0 | T6: ASITIS
A7: des_tsk_eu_typ | B7: 5 | C7: =D7+B7-1 -> 49 | D7: =C6+1 -> 45 | E7: RW | F7: 0x0 | G7: 指令操作类型 根据指令类型指定 | H7: ASITIS | I7: ASITIS | J7: ASITIS | K7: ASITIS | L7: ASITIS | M7: ASITIS | N7: ASITIS | O7: ASITIS | P7: ASITIS | Q7: ASITIS | R7: ASITIS | S7: 0 | T7: ASITIS
A8: des_opt_rq | B8: 1 | C8: =D8+B8-1 -> 50 | D8: =C7+1 -> 50 | E8: RW | F8: 0x0 | G8: 是否对结果做量化 | H8: ASITIS | I8: ((des_tsk_eu_typ_reg == `DES_PORD_MAXP || des_tsk_eu_typ_reg == `DES_PORD_MINP || des_tsk_eu_typ_reg == `DES_PORD_RMAXP || des_tsk_eu_typ_reg == `DES_PORD_RMINP ) ? 1'd0 : des_opt_rq_reg) | J8: ((des_tsk_eu_typ_reg == `DES_MM_NORMAL) && (des_opt_opd0_prec_reg == `INT32 )) ? 1'b0 : des_opt_rq_reg | K8: ASITIS | L8: 0 | M8: 0 | N8: 0 | O8: 0 | P8: 0 | Q8: 0 | R8: 0 | S8: 0 | T8: 0
A9: des_tsk_opd_num | B9: 2 | C9: =D9+B9-1 -> 52 | D9: =C8+1 -> 51 | E9: RW | F9: 0x2 | G9: 输入操作数数目 0: 4个操作数 1: 1个操作数 2: 2个操作数_x000D_ 3: 3个操作数_x000D_ | H9: 0 | I9: ((des_tsk_eu_typ_reg == `DES_PORD_MAXP || des_tsk_eu_typ_reg == `DES_PORD_AVGP ) ? 2'd3 : 2'd0) | J9: (((des_tsk_eu_typ_reg == `DES_MM_NORMAL) && (des_opt_opd0_prec_reg == `INT8 || des_opt_opd0_prec_reg == `INT16)) ? 2'd2 : ((des_tsk_eu_typ_reg == `DES_MM_NORMAL) && (des_opt_opd0_prec_reg == `INT32 || des_opt_opd0_prec_reg == `FP32)) ? 2'd3: 2'd0) | K9: ((des_opt_opd0_prec_reg == `INT8) ? 2'd0 : 2'd3) | L9: ((des_tsk_eu_typ_reg == `DES_VC_SELG || des_tsk_eu_typ_reg == `DES_VC_SELL || des_tsk_eu_typ_reg == `DES_VC_SELE) ? 2'd3 : 2'd2) | M9: 1 | N9: ((des_tsk_eu_typ_reg == `DES_SFU_TAILOR) ? 2'd2 : 2'd1) | O9: ((des_tsk_eu_typ_reg == `DES_LIN_MAC) ? 2'd3 : 2'd2) | P9: 0 | Q9: 1 | R9: 2 | S9: ((des_tsk_eu_typ_reg == `DES_SGPE_S_NONZ || des_tsk_eu_typ_reg == `DES_SGPE_S_NONHZD) ? 2'd1 : 2'd2) | T9: 2
A10: des_pad_mode | B10: 2 | C10: =D10+B10-1 -> 54 | D10: =C9+1 -> 53 | E10: RW | F10: 0x0 | G10: 如果指令类型是CONV, 则 padding mode 其他, reserved0 | H10: ASITIS | I10: ASITIS | J10: 0 | K10: 0 | L10: 0 | M10: 0 | N10: 0 | O10: 0 | P10: 0 | Q10: 0 | R10: 0 | S10: 0 | T10: 0
A11: des_opt_res0_sign | B11: 1 | C11: =D11+B11-1 -> 55 | D11: =C10+1 -> 55 | E11: RW | F11: 0x0 | G11: 结果是INT型时，指明结果是有符号数还是无符号数 0: 无符号 1: 有符号 结果数据类型是FP8时，opd2为152格式或143格式 0：152格式 1：143格式 | H11: ASITIS | I11: ASITIS | J11: ASITIS | K11: ASITIS
A12: des_rsvd0 | B12: 3 | C12: =D12+B12-1 -> 58 | D12: =C11+1 -> 56 | E12: RW | F12: 0x0 | G12: reserved0 | H12: 0 | I12: 0 | J12: 0 | K12: 0 | L12: 0 | M12: 0 | N12: 0 | O12: 0 | P12: 0 | Q12: 0 | R12: 0 | S12: 0 | T12: 0
A13: des_pwr_step | B13: 4 | C13: =D13+B13-1 -> 62 | D13: =C12+1 -> 59 | E13: RW | F13: 0x0 | G13: power step | H13: ASITIS | I13: ASITIS | J13: ASITIS | K13: ASITIS | L13: ASITIS | M13: ASITIS | N13: ASITIS | O13: ASITIS | P13: ASITIS | Q13: ASITIS | R13: ASITIS | S13: ASITIS | T13: ASITIS
A14: des_intr_en | B14: 1 | C14: =D14+B14-1 -> 63 | D14: =C13+1 -> 63 | E14: RW | F14: 0x0 | G14: 0: 该指令执行结束不发出intr 1: 该指令执行结束发出intr | H14: ASITIS | I14: ASITIS | J14: ASITIS | K14: ASITIS | L14: ASITIS | M14: ASITIS | N14: ASITIS | O14: ASITIS | P14: ASITIS | Q14: ASITIS | R14: ASITIS | S14: ASITIS | T14: ASITIS
A15: des_opt_res_add | B15: 1 | C15: =D15+B15-1 -> 64 | D15: =C14+1 -> 64 | E15: RW | F15: 0x0 | G15: 结果是否和原res0_addr地址的内容累加 | H15: ASITIS | I15: 0 | J15: ASITIS | K15: ASITIS | L15: 0 | M15: ASITIS | N15: 0 | O15: 0 | P15: 0 | Q15: 0 | R15: 0 | S15: 0 | T15: 0
A16: des_opt_relu | B16: 1 | C16: =D16+B16-1 -> 65 | D16: =C15+1 -> 65 | E16: RW | F16: 0x1 | G16: reserved0 | H16: ASITIS | I16: ASITIS | J16: ASITIS | K16: ASITIS | L16: 1 | M16: 0 | N16: 0 | O16: 0 | P16: 0 | Q16: 0 | R16: 1 | S16: 0 | T16: 0
A17: des_opt_left_tran | B17: 1 | C17: =D17+B17-1 -> 66 | D17: =C16+1 -> 66 | E17: RW | F17: 0x0 | G17: 是否转置，只用在矩阵乘 | H17: 0 | I17: 0 | J17: ASITIS | K17: 0 | L17: 0 | M17: 0 | N17: 0 | O17: 0 | P17: 0 | Q17: 0 | R17: 0 | S17: 0 | T17: 0
A18: des_opt_opd4_const | B18: 1 | C18: =D18+B18-1 -> 67 | D18: =C17+1 -> 67 | E18: RW | F18: 0x0 | G18: opd4是否为常数 | H18: ASITIS | I18: 0 | J18: 0 | K18: ASITIS | L18: 0 | M18: 0 | N18: 0 | O18: 0 | P18: 0 | Q18: 0 | R18: 0 | S18: 0 | T18: 0
A19: des_opt_kernel_rotate | B19: 1 | C19: =D19+B19-1 -> 68 | D19: =C18+1 -> 68 | E19: RW | F19: 0x0 | G19: kernel是否转置 | H19: ASITIS | I19: ASITIS | J19: 0 | K19: 0 | L19: 0 | M19: 0 | N19: 0 | O19: 0 | P19: 0 | Q19: 0 | R19: 0 | S19: 0 | T19: 0
A20: des_opt_opd0_sign | B20: 1 | C20: =D20+B20-1 -> 69 | D20: =C19+1 -> 69 | E20: RW | F20: 0x0 | G20: opd0数据类型是INT8时，opd0是否为有符号数 0: 无符号数 1: 有符号数 opd0数据类型是FP8时，opd0为152格式或143格式 0：152格式 1：143格式 | H20: ASITIS | I20: ASITIS | J20: ASITIS | K20: ASITIS | L20: ASITIS | M20: 0 | N20: 0 | O20: ASITIS | P20: ASITIS | Q20: 0 | R20: ASITIS | S20: 0 | T20: 0
A21: des_opt_opd1_sign | B21: 1 | C21: =D21+B21-1 -> 70 | D21: =C20+1 -> 70 | E21: RW | F21: 0x1 | G21: opd1数据类型是INT8时，opd1是否为有符号数 0: 无符号数 1: 有符号数 opd1数据类型是FP8时，opd1为152格式或143格式 0：152格式 1：143格式 | H21: ASITIS | I21: ASITIS | J21: ASITIS | K21: ASITIS | L21: ASITIS | M21: 0 | N21: 0 | O21: ASITIS | P21: des_opt_opd0_sign_reg | Q21: 0 | R21: 1 | S21: 0 | T21: 0
A22: des_opt_opd2_sign | B22: 1 | C22: =D22+B22-1 -> 71 | D22: =C21+1 -> 71 | E22: RW | F22: 0x1 | G22: opd2数据类型是INT8时，opd2是否为有符号数 0: 无符号数 1: 有符号数 opd2数据类型是FP8时，opd2为152格式或143格式 0：152格式 1：143格式 | H22: ASITIS | I22: ASITIS | J22: ASITIS | K22: ASITIS | L22: 1 | M22: 0 | N22: 0 | O22: ASITIS | P22: ASITIS | Q22: 1 | R22: ASITIS | S22: 0 | T22: 0
A23: des_opt_res0_prec | B23: 3 | C23: =D23+B23-1 -> 74 | D23: =C22+1 -> 72 | E23: RW | F23: 0x2 | G23: res0数据类型 0: INT8 1: FP16 2: FP32 3: INT16 4: INT32 5: BFP16 6: INT4 7：FP8 | H23: ASITIS | I23: ASITIS | J23: ASITIS | K23: ASITIS | L23: ASITIS | M23: ASITIS | N23: ASITIS | O23: ASITIS | P23: ((des_tsk_eu_typ_reg == `DES_CMP_GSELG || des_tsk_eu_typ_reg == `DES_CMP_LSELL) ? des_opt_opd0_prec_reg : des_opt_opd2_prec_reg) | Q23: ASITIS | R23: ASITIS | S23: ASITIS | T23: ASITIS
A24: des_opt_opd0_prec | B24: 3 | C24: =D24+B24-1 -> 77 | D24: =C23+1 -> 75 | E24: RW | F24: 0x2 | G24: opd0数据类型 0: INT8 1: FP16 2: FP32 3: INT16 4: INT32 5: BFP16 6: INT4 7：FP8 | H24: ASITIS | I24: ASITIS | J24: ASITIS | K24: ASITIS | L24: ASITIS | M24: 4 | N24: ASITIS | O24: des_opt_res0_prec_reg | P24: ASITIS | Q24: des_opt_res0_prec_reg | R24: ASITIS | S24: ASITIS | T24: des_opt_res0_prec_reg
A25: des_opt_opd1_prec | B25: 3 | C25: =D25+B25-1 -> 80 | D25: =C24+1 -> 78 | E25: RW | F25: 0x2 | G25: opd1数据类型 0: INT8 1: FP16 2: FP32 3: INT16 4: INT32 5: BFP16 6: INT4 7：FP8 | H25: ASITIS | I25: des_opt_opd0_prec_reg | J25: des_opt_opd0_prec_reg | K25: ASITIS | L25: ASITIS | M25: 4 | N25: des_opt_opd0_prec_reg | O25: des_opt_res0_prec_reg | P25: des_opt_opd0_prec_reg | Q25: 2 | R25: 4 | S25: ASITIS | T25: ASITIS
A26: des_opt_opd2_prec | B26: 3 | C26: =D26+B26-1 -> 83 | D26: =C25+1 -> 81 | E26: RW | F26: 0x2 | G26: opd2数据类型 0: INT8 1: FP16 2: FP32 3: INT16 4: INT32 5: BFP16 6: INT4 7：FP8 | H26: ((des_opt_opd0_prec_reg == `INT8) ? `INT32 : des_opt_opd2_prec_reg) | I26: ((des_tsk_eu_typ_reg == `DES_PORD_DW) && (des_opt_opd0_prec_reg == `INT8) ? `INT32 : des_opt_opd0_prec_reg ) | J26: (((des_tsk_eu_typ_reg == `DES_MM_NORMAL) && (des_opt_opd0_prec_reg == `INT32)) ? `INT8 : ((des_tsk_eu_typ_reg == `DES_MM_NORMAL) && (des_opt_opd0_prec_reg == `FP32)) ? `FP32 : `INT32) | K26: ((des_opt_opd0_prec_reg == `INT8 || des_opt_opd0_prec_reg == `INT4) ? `INT32 : `FP32) | L26: des_opt_res0_prec_reg | M26: 4 | N26: 0 | O26: des_opt_res0_prec_reg | P26: ASITIS | Q26: 2 | R26: 0 | S26: 0 | T26: 0
A27: des_opt_opd0_const | B27: 1 | C27: =D27+B27-1 -> 84 | D27: =C26+1 -> 84 | E27: RW | F27: 0x0 | G27: opd0是否常数_x000D_, 如果是常数的话, 其值在des_opd0_addr中 0: 非常数 1: 常数 | H27: 0 | I27: 0 | J27: ASITIS | K27: ASITIS | L27: 0 | M27: 0 | N27: 0 | O27: 0 | P27: ASITIS | Q27: 0 | R27: 0 | S27: 0 | T27: 0
A28: des_opt_opd1_const | B28: 1 | C28: =D28+B28-1 -> 85 | D28: =C27+1 -> 85 | E28: RW | F28: 0x0 | G28: opd1是否常数, 如果是常数的话，其值在des_opd1_addr中 0: 非常数 1: 常数 | H28: ASITIS | I28: ASITIS | J28: 0 | K28: ASITIS | L28: 0 | M28: 0 | N28: 0 | O28: ASITIS | P28: ASITIS | Q28: 0 | R28: ASITIS | S28: 0 | T28: 0
A29: des_opt_opd2_const | B29: 1 | C29: =D29+B29-1 -> 86 | D29: =C28+1 -> 86 | E29: RW | F29: 0x0 | G29: opd2是否常数, 如果是常数的话，其值在des_opd1_addr中 0: 非常数 1: 常数 | H29: ASITIS | I29: ASITIS | J29: ASITIS | K29: ASITIS | L29: 0 | M29: 0 | N29: 0 | O29: ASITIS | P29: ASITIS | Q29: 0 | R29: 0 | S29: ASITIS | T29: ASITIS
A30: des_short_res0_str | B30: 3 | C30: =D30+B30-1 -> 89 | D30: =C29+1 -> 87 | E30: RW | F30: 0x0 | G30: res0数据存储格式 0: 对齐, 即 W_STRIDE=1 H_STRIDE=W C_STRIDE=EU_NUM*roundup(H*W/EU_NUM) N_STRIDE=C_STRIDE*roundup(C+C_START/LANE_NUM) 1: 紧密, 即 W_STRIDE=1 H_STRIDE=W C_STRIDE=W*H N_STRIDE=roundup(C+C_START/LANE_NUM)*C_STRIDE conv_neuron_/ winograd kernel的C对应OC，kernel的N对应IC 2: 偏置, 即 N_STRIDE=H_STRIDE=W_STRIDE=0 C_STRIDE=1 (depthwise中的kernel，以及md_sum的结果, conv/depthwise的bias使用该存储格式) 3: 张量，看具体配置 others: not support | H30: 0 | I30: 0 | J30: 0 | K30: 0 | L30: 0 | M30: ASITIS | N30: 0 | O30: 0 | P30: 0 | Q30: ((des_tsk_eu_typ_reg == `DES_TRANS_CWTRAN) ? 3'd3 : (des_tsk_eu_typ_reg == `DES_BC_SDIS) ? 3'd1 : 3'd0) | R30: 0 | S30: 0 | T30: 3
A31: des_short_opd0_str | B31: 3 | C31: =D31+B31-1 -> 92 | D31: =C30+1 -> 90 | E31: RW | F31: 0x0 | G31: opd0数据存储格式 0: 对齐, 即 W_STRIDE=1 H_STRIDE=W C_STRIDE=EU_NUM*roundup(H*W/EU_NUM) N_STRIDE=C_STRIDE*roundup(C+C_START/LANE_NUM) 1: 紧密, 即 W_STRIDE=1 H_STRIDE=W C_STRIDE=W*H N_STRIDE=roundup(C+C_START/LANE_NUM)*C_STRIDE 2: 偏置, 即 N_STRIDE=H_STRIDE=W_STRIDE=0 C_STRIDE=1 (depthwise中的kernel，以及md_sum的结果, conv/depthwise的bias使用该存储格式) 3: 张量，看具体配置 others: not support | H31: ASITIS | I31: 0 | J31: 0 | K31: 0 | L31: 0 | M31: ASITIS | N31: 0 | O31: 0 | P31: ASITIS | Q31: 0 | R31: 0 | S31: ASITIS | T31: ASITIS
... A89: des_opd3_addr | B89: 32 | C89: =D89+B89-1 -> 1023 | D89: =C88+1 -> 992 | E89: RW | F89: 0x0 | G89: 如果des_opt_opd3_const为0, opd3起始地址 如果des_opt_opd3_const为1, opd3常数 | H89: ASITIS | I89: ASITIS | J89: 0 | K89: 0 | L89: 0 | M89: 0 | N89: 0 | O89: 0 | P89: ASITIS | Q89: 0 | R89: 0 | S89: ASITIS | T89: 0
G92: 必须配
G93: 硬件可推导的指令filed，无需软件配置
G94: 无需软件配置，且不影响硬件行为的field
A96: macro_res0_000_c_str = (`EU_NUM*((des_res0_h_hw*des_res0_w_hw+`EU_NUM)/`EU_NUM));
A97: macro_res0_000_n_str = macro_res0_000_c_str*(des_res0_c_hw+(des_res0_addr_hw>>(`ADDR_BITS+`LANE_BITS))+`LANE_NUM)>>`LANE_NUM_LOG2;
A99: macro_res0_001_c_str = des_res0_h_hw*des_res0_w_hw;
A100: macro_res0_001_n_str = macro_res0_001_c_str*des_res0_c_hw;
A102: macro_res0_003_h_str = (`EU_NUM*((des_res0_w+`EU_NUM)/`EU_NUM));
A103: macro_res0_003_c_str = macro_res0_003_h_str * des_res0_h
A104: macro_res0_003_n_str = macro_res0_003_c_str*(des_res0_c+(des_res0_addr>>(`ADDR_BITS+`LANE_BITS))+`LANE_NUM)>>`LANE_NUM_LOG2;
A106: macro_opd0_003_h_str = (`EU_NUM*((des_opd0_w_hw+`EU_NUM)/`EU_NUM));
A107: macro_opd0_003_c_str = macro_opd0_003_h_str * des_opd0_h
A108: macro_opd0_003_n_str = macro_opd0_003_c_str*(des_opd0_c+(des_opd0_addr>>(`ADDR_BITS+`LANE_BITS))+`LANE_NUM)>>`LANE_NUM_LOG2;
A110: macro_opd0_000_c_str = (`EU_NUM*((des_opd0_h_hw*des_opd0_w_hw+`EU_NUM)/`EU_NUM));
A111: macro_opd0_000_n_str = macro_opd0_000_c_str*(des_opd0_c_hw+(des_opd0_addr_hw>>(`ADDR_BITS+`LANE_BITS))+`LANE_NUM)>>`LANE_NUM_LOG2;
... A117: macro_opd1_001_n_str = macro_opd1_001_c_str*des_opd1_c_hw;

Sheet sCONV
A1: field | B1: Length（bit） | C1: High（bit） | D1: Low（bit） | E1: RW | F1: Default | G1: descriptions | H1: conv_neuron opd0=image opd1=kernel opd2=bias/kzp res0=result | I1: Code
A2: ='Command register base=0x0'!A2 -> des_cmd_short | B2: ='Command register base=0x0'!B2 -> 1 | C2: =D2+B2-1 -> 0 | D2: 0 | E2: RW | F2: ='Command register base=0x0'!F2 -> 0x0 | G2: 1: 512bit | H2: ASITIS | I2: 0
A3: des_sym_range | B3: 1 | C3: =D3+B3-1 -> 1 | D3: =C2+1 -> 1 | E3: RW | F3: 0x0 | G3: conv/mm2结果量化，是否做对称饱和: 0: 不做对称饱和 1: 做对称饱和 | H3: ASITIS | I3: 0
A4: des_opt_opd4_const | B4: 1 | C4: =D4+B4-1 -> 2 | D4: =C3+1 -> 2 | E4: RW | F4: 0x0 | G4: 当opd0数据类型时INT8，INT4时，KZP是否为常数 0: 非常数 1: 常数 | H4: ASITIS | I4: 0
A5: des_opt_opd5_const | B5: 1 | C5: =D5+B5-1 -> 3 | D5: =C4+1 -> 3 | E5: RW | F5: 0x0 | G5: conv/mm2结果量化，量化参数是否常数 0: 非常数 1: 常数 | H5: ASITIS | I5: 0
A6: des_opt_relu | B6: 1 | C6: =D6+B6-1 -> 4 | D6: =C5+1 -> 4 | E6: RW | F6: 0x0 | G6: 对结果是否做relu 0: 不做relu操作 1: 做relu操作 | H6: ASITIS | I6: 0
A7: des_opt_rq | B7: 1 | C7: =D7+B7-1 -> 5 | D7: =C6+1 -> 5 | E7: RW | F7: 0x0 | G7: 结果是否做量化 0: 不做量化 1: 做量化 | H7: ASITIS | I7: 0
A8: des_opd2_n_str | B8: 3 | C8: =D8+B8-1 -> 8 | D8: =C7+1 -> 6 | E8: RW | F8: ='Command register base=0x0'!F13 -> 0x0 | G8: des_opd2_n_str[2:0]: 0: round_to_even 1: half round up 2: round to zero 3: floor 4: ceil | H8: ASITIS | I8: 0
A9: des_opt_opd1_prec | B9: 3 | C9: =D9+B9-1 -> 11 | D9: =C8+1 -> 9 | E9: RW | F9: ='Command register base=0x0'!F14 -> 0x0 | G9: opd1数据类型 0: INT8 1: FP16 2: FP32 3: INT16 4: INT32 5: BFP16 6: INT4 7：FP8 | H9: ASITIS | I9: 0
A10: ='Command register base=0x0'!A3 -> des_op_code | B10: 5 | C10: =D10+B10-1 -> 16 | D10: =C9+1 -> 12 | E10: RW | F10: ='Command register base=0x0'!F3 -> 0x0 | G10: reserved0 | H10: 0 | I10: 2
A11: ='Command register base=0x0'!A4 -> des_cmd_id_dep | B11: ='Command register base=0x0'!B4 -> 23 | C11: =D11+B11-1 -> 39 | D11: =C10+1 -> 17 | E11: RW | F11: ='Command register base=0x0'!F4 -> 0x0 | G11: Dependency CMD ID 等待des_cmd_id_en指定外部eng ID完成后, 方可执行本descriptor | H11: ASITIS | I11: 0
A12: ='Command register base=0x0'!A5 -> des_dbg_mode | B12: ='Command register base=0x0'!B5 -> 1 | C12: =D12+B12-1 -> 40 | D12: =C11+1 -> 40 | E12: RW | F12: ='Command register base=0x0'!F5 -> 0x0 | G12: debug single_step des_mode | H12: ASITIS
A13: ='Command register base=0x0'!A6 -> des_tsk_typ | B13: ='Command register base=0x0'!B6 -> 4 | C13: =D13+B13-1 -> 44 | D13: =C12+1 -> 41 | E13: RW | F13: ='Command register base=0x0'!F6 -> 0x0 | G13: 指令任务类型 0: conv | H13: ASITIS | I13: 0
A14: ='Command register base=0x0'!A7 -> des_tsk_eu_typ | B14: ='Command register base=0x0'!B7 -> 5 | C14: =D14+B14-1 -> 49 | D14: =C13+1 -> 45 | E14: RW | F14: ='Command register base=0x0'!F7 -> 0x0 | G14: des_tsk_eu_typ[4:0]指令操作类型， 0: CONV_NORMAL 2: CONV_TF32 | H14: ASITIS | I14: 0
A15: ='Command register base=0x0'!A20 -> des_opt_opd0_sign | B15: ='Command register base=0x0'!B20 -> 1 | C15: =D15+B15-1 -> 50 | D15: =C14+1 -> 50 | E15: RW | F15: ='Command register base=0x0'!F20 -> 0x0 | G15: opd0数据类型是INT8时, opd0是否为有符号数 0: 无符号数 1: 有符号数 | H15: ASITIS | I15: 0
A16: des_opt_opd1_sign | B16: ='Command register base=0x0'!B21 -> 1 | C16: =D16+B16-1 -> 51 | D16: =C15+1 -> 51 | E16: RW | F16: ='Command register base=0x0'!F21 -> 0x1 | G16: opd1数据类型是INT8时, opd1是否为有符号数 0: 无符号数 1: 有符号数 | H16: ASITIS | I16: 0
A17: des_opt_opd2_sign | B17: ='Command register base=0x0'!B22 -> 1 | C17: =D17+B17-1 -> 52 | D17: =C16+1 -> 52 | E17: RW | F17: ='Command register base=0x0'!F22 -> 0x1 | G17: opd2数据类型是INT8时, opd2是否为有符号数 0: 无符号数 1: 有符号数 | H17: ASITIS | I17: 0
A18: des_pad_mode | B18: 2 | C18: =D18+B18-1 -> 54 | D18: =C17+1 -> 53 | E18: RW | F18: 0x0 | G18: padding mode: 0: Constant 1: Reflection 2: Replication 3: Circular | H18: ASITIS | I18: 0
A19: des_opt_res0_sign | B19: 1 | C19: =D19+B19-1 -> 55 | D19: =C18+1 -> 55 | E19: RW | F19: 0x0 | G19: res0是INT型时，指明结果是有符号数还是无符号数 0: 无符号 1: 有符号 结果数据类型是FP8时，opd2为152格式或143格式 0：152格式 1：143格式 | H19: ASITIS | I19: 0
A20: des_opt_opd2_prec | B20: 3 | C20: =D20+B20-1 -> 58 | D20: =C19+1 -> 56 | E20: RW | F20: ='Command register base=0x0'!F12 -> 0x0 | G20: opd2数据类型 0: INT8 1: FP16 2: FP32 3: INT16 4: INT32 5: BFP16 6: INT4 7：FP8 | H20: ASITIS | I20: 0
A21: des_pwr_step | B21: 4 | C21: =D21+B21-1 -> 62 | D21: =C20+1 -> 59 | E21: RW | F21: 0x0 | G21: power step | H21: ASITIS | I21: 0
A22: des_opt_res_add | B22: 1 | C22: =D22+B22-1 -> 63 | D22: =C21+1 -> 63 | E22: RW | F22: 0x0 | G22: 如果指令操作类型是CONV_NORMAL, 0: 不做result add 1: 做result add 其他，reserved | H22: ASITIS | I22: 0
A23: ='Command register base=0x0'!A19 -> des_opt_kernel_rotate | B23: ='Command register base=0x0'!B19 -> 1 | C23: =D23+B23-1 -> 64 | D23: =C22+1 -> 64 | E23: RW | F23: ='Command register base=0x0'!F19 -> 0x0 | G23: kernel是否旋转 | H23: ASITIS | I23: 0
A24: ='Command register base=0x0'!A23 -> des_opt_res0_prec | B24: ='Command register base=0x0'!B23 -> 3 | C24: =D24+B24-1 -> 67 | D24: =C23+1 -> 65 | E24: RW | F24: ='Command register base=0x0'!F23 -> 0x2 | G24: res0数据类型 0: INT8 1: FP16 2: FP32 3: INT16 4: INT32 5: BFP16 6: INT4 7：FP8 | H24: ASITIS | I24: 0
A25: ='Command register base=0x0'!A24 -> des_opt_opd0_prec | B25: ='Command register base=0x0'!B24 -> 3 | C25: =D25+B25-1 -> 70 | D25: =C24+1 -> 68 | E25: RW | F25: ='Command register base=0x0'!F24 -> 0x2 | G25: opd0数据类型 0: INT8 1: FP16 2: FP32 3: INT16 4: INT32 5: BFP16 6: INT4 7：FP8 | H25: ASITIS | I25: 0
A26: ='Command register base=0x0'!A28 -> des_opt_opd1_const | B26: ='Command register base=0x0'!B28 -> 1 | C26: =D26+B26-1 -> 71 | D26: =C25+1 -> 71 | E26: RW | F26: ='Command register base=0x0'!F28 -> 0x0 | G26: 0: kernel非常数 1: kernel常数 | H26: ASITIS | I26: 0
A27: ='Command register base=0x0'!A29 -> des_opt_opd2_const | B27: ='Command register base=0x0'!B29 -> 1 | C27: =D27+B27-1 -> 72 | D27: =C26+1 -> 72 | E27: RW | F27: ='Command register base=0x0'!F29 -> 0x0 | G27: 0: bias非常数 1: bias常数 | H27: ASITIS | I27: 0
A28: ='Command register base=0x0'!A43 -> des_opd0_up_pad | B28: ='Command register base=0x0'!B43 -> 4 | C28: =D28+B28-1 -> 76 | D28: =C27+1 -> 73 | E28: RW | F28: ='Command register base=0x0'!F43 -> 0x0 | G28: opd0上方padding行数_x000D_, 0-15有效 | H28: ASITIS | I28: 0
A29: ='Command register base=0x0'!A44 -> des_opd0_dn_pad | B29: ='Command register base=0x0'!B44 -> 4 | C29: =D29+B29-1 -> 80 | D29: =C28+1 -> 77 | E29: RW | F29: ='Command register base=0x0'!F44 -> 0x0 | G29: opd0下方padding行数_x000D_, 0-15有效 | H29: ASITIS | I29: 0
A30: ='Command register base=0x0'!A45 -> des_opd0_lf_pad | B30: ='Command register base=0x0'!B45 -> 4 | C30: =D30+B30-1 -> 84 | D30: =C29+1 -> 81 | E30: RW | F30: ='Command register base=0x0'!F45 -> 0x0 | G30: opd0左方padding列数_x000D_, 0-15有效 | H30: ASITIS | I30: 0
A31: ='Command register base=0x0'!A46 -> des_opd0_rt_pad | B31: ='Command register base=0x0'!B46 -> 4 | C31: =D31+B31-1 -> 88 | D31: =C30+1 -> 85 | E31: RW | F31: ='Command register base=0x0'!F46 -> 0x0 | G31: opd0右方padding列数_x000D_, 0-15有效 | H31: ASITIS | I31: 0
A32: ='Command register base=0x0'!A47 -> des_res_op_x_str | B32: ='Command register base=0x0'!B47 -> 4 | C32: =D32+B32-1 -> 92 | D32: =C31+1 -> 89 | E32: RW | F32: ='Command register base=0x0'!F47 -> 0x1 | G32: 卷积/pooling横向stride, 1-15有效 | H32: ASITIS | I32: 0
A33: ='Command register base=0x0'!A48 -> des_res_op_y_str | B33: ='Command register base=0x0'!B48 -> 4 | C33: =D33+B33-1 -> 96 | D33: =C32+1 -> 93 | E33: RW | F33: ='Command register base=0x0'!F48 -> 0x1 | G33: 卷积/pooling纵向stride, 1-15有效 | H33: ASITIS | I33: 0
A34: ='Command register base=0x0'!A37 -> des_opt_opd3_const | B34: ='Command register base=0x0'!B37 -> 1 | C34: =D34+B34-1 -> 97 | D34: =C33+1 -> 97 | E34: RW | F34: ='Command register base=0x0'!F37 -> 0x0 | G34: opd3是否常数 0: 非常数 1: 常数 | H34: ASITIS | I34: 0
A35: des_short_opd0_str | B35: 3 | C35: =D35+B35-1 -> 100 | D35: =C34+1 -> 98 | E35: RW | F35: ='Command register base=0x0'!F38 -> 0x0 | G35: opd0数据存储格式 0: 对齐, 即 W_STRIDE=1 H_STRIDE=W C_STRIDE=EU_NUM*roundup(H*W/EU_NUM) N_STRIDE=C_STRIDE*roundup(C+C_START/LANE_NUM) 1: tensor others: not support | H35: ASITIS | I35: 0
A36: ='Command register base=0x0'!A76 -> des_res0_addr | B36: 26 | C36: =D36+B36-1 -> 126 | D36: =C35+1 -> 101 | E36: RW | F36: ='Command register base=0x0'!F76 -> 0x0 | G36: res0起始地址 | H36: ASITIS | I36: 0
A37: des_intr_en | B37: 1 | C37: =D37+B37-1 -> 127 | D37: =C36+1 -> 127 | E37: RW | F37: 0x0 | G37: 0: 该指令执行结束不发出intr 1: 该指令执行结束发出intr | H37: ASITIS | I37: 0
A38: ='Command register base=0x0'!A39 -> des_opd0_x_ins0 | B38: ='Command register base=0x0'!B39 -> 4 | C38: =D38+B38-1 -> 131 | D38: =C37+1 -> 128 | E38: RW | F38: ='Command register base=0x0'!F39 -> 0x0 | G38: opd0行方向每个元素后插入常数的个数, 0-14有效 | H38: ASITIS | I38: 0
A39: ='Command register base=0x0'!A40 -> des_opd0_y_ins0 | B39: ='Command register base=0x0'!B40 -> 4 | C39: =D39+B39-1 -> 135 | D39: =C38+1 -> 132 | E39: RW | F39: ='Command register base=0x0'!F40 -> 0x0 | G39: opd0列方向每个元素后插入常数的个数, 0-14有效 | H39: ASITIS | I39: 0
A40: ='Command register base=0x0'!A41 -> des_opd1_x_ins0 | B40: ='Command register base=0x0'!B41 -> 4 | C40: =D40+B40-1 -> 139 | D40: =C39+1 -> 136 | E40: RW | F40: ='Command register base=0x0'!F41 -> 0x0 | G40: opd1行方向每个元素后插入常数的个数, 0-14有效 | H40: ASITIS | I40: 0
A41: ='Command register base=0x0'!A42 -> des_opd1_y_ins0 | B41: ='Command register base=0x0'!B42 -> 4 | C41: =D41+B41-1 -> 143 | D41: =C40+1 -> 140 | E41: RW | F41: ='Command register base=0x0'!F42 -> 0x0 | G41: opd1列方向每个元素后插入常数的个数, 0-14有效 | H41: ASITIS | I41: 0
A42: des_opd0_n_str | B42: 16 | C42: =D42+B42-1 -> 159 | D42: =C41+1 -> 144 | E42: RW | F42: 0x0 | G42: opd0 n stride | H42: ASITIS | I42: 0
A43: ='Command register base=0x0'!A56 -> des_res0_n | B43: ='Command register base=0x0'!B56 -> 16 | C43: =D43+B43-1 -> 175 | D43: =C42+1 -> 160 | E43: RW | F43: ='Command register base=0x0'!F56 -> 0x1 | G43: opd0的n, 0无效 | H43: ASITIS | I43: 0
A44: ='Command register base=0x0'!A57 -> des_res0_c | B44: ='Command register base=0x0'!B57 -> 16 | C44: =D44+B44-1 -> 191 | D44: =C43+1 -> 176 | E44: RW | F44: ='Command register base=0x0'!F57 -> 0x1 | G44: res0的c, 0无效 | H44: ASITIS | I44: 0
A45: ='Command register base=0x0'!A58 -> des_res0_h | B45: ='Command register base=0x0'!B58 -> 16 | C45: =D45+B45-1 -> 207 | D45: =C44+1 -> 192 | E45: RW | F45: ='Command register base=0x0'!F58 -> 0x1 | G45: res0的h, 0无效 | H45: ASITIS | I45: 0
A46: ='Command register base=0x0'!A59 -> des_res0_w | B46: ='Command register base=0x0'!B59 -> 16 | C46: =D46+B46-1 -> 223 | D46: =C45+1 -> 208 | E46: RW | F46: ='Command register base=0x0'!F59 -> 0x1 | G46: res0的w, 0无效 | H46: ASITIS | I46: 0
A47: ='Command register base=0x0'!A61 -> des_opd0_c | B47: ='Command register base=0x0'!B61 -> 16 | C47: =D47+B47-1 -> 239 | D47: =C46+1 -> 224 | E47: RW | F47: ='Command register base=0x0'!F61 -> 0x1 | G47: opd0的c, 0无效 | H47: ASITIS | I47: 0
A48: ='Command register base=0x0'!A62 -> des_opd0_h | B48: ='Command register base=0x0'!B62 -> 16 | C48: =D48+B48-1 -> 255 | D48: =C47+1 -> 240 | E48: RW | F48: ='Command register base=0x0'!F62 -> 0x1 | G48: opd0的h, 0无效 | H48: ASITIS | I48: 0
A49: ='Command register base=0x0'!A63 -> des_opd0_w | B49: ='Command register base=0x0'!B63 -> 16 | C49: =D49+B49-1 -> 271 | D49: =C48+1 -> 256 | E49: RW | F49: ='Command register base=0x0'!F63 -> 0x1 | G49: opd0的w, 0无效, | H49: ASITIS | I49: 0
A50: ='Command register base=0x0'!A66 -> des_opd1_h | B50: ='Command register base=0x0'!B66 -> 16 | C50: =D50+B50-1 -> 287 | D50: =C49+1 -> 272 | E50: RW | F50: ='Command register base=0x0'!F66 -> 0x1 | G50: opd1的h, 0无效 | H50: ASITIS | I50: 0
A51: ='Command register base=0x0'!A67 -> des_opd1_w | B51: ='Command register base=0x0'!B67 -> 16 | C51: =D51+B51-1 -> 303 | D51: =C50+1 -> 288 | E51: RW | F51: ='Command register base=0x0'!F67 -> 0x1 | G51: opd1的w, 0无效 | H51: ASITIS | I51: 0
A52: des_opd0_c_str | B52: 16 | C52: =D52+B52-1 -> 319 | D52: =C51+1 -> 304 | E52: RW | F52: 0x0 | G52: opd0 c stride | H52: ASITIS | I52: 0
A53: ='Command register base=0x0'!A77 -> des_opd0_addr | B53: ='Command register base=0x0'!B77 -> 32 | C53: =D53+B53-1 -> 351 | D53: =C52+1 -> 320 | E53: RW | F53: ='Command register base=0x0'!F77 -> 0x0 | G53: opd0起始地址 | H53: ASITIS | I53: 0
A54: ='Command register base=0x0'!A78 -> des_opd1_addr | B54: ='Command register base=0x0'!B78 -> 32 | C54: =D54+B54-1 -> 383 | D54: =C53+1 -> 352 | E54: RW | F54: ='Command register base=0x0'!F78 -> 0x0 | G54: 如果des_opt_opd1_const为0, opd1起始地址, 如果des_opt_opd1_const为1, opd1常数 | H54: ASITIS | I54: 0
A55: ='Command register base=0x0'!A79 -> des_opd2_addr | B55: ='Command register base=0x0'!B79 -> 32 | C55: =D55+B55-1 -> 415 | D55: =C54+1 -> 384 | E55: RW | F55: ='Command register base=0x0'!F79 -> 0x0 | G55: 如果des_opt_opd2_const为0, opd2起始地址 如果des_opt_opd2_const为1, opd2常数 | H55: ASITIS | I55: 0
A56: ='Command register base=0x0'!A88 -> des_res1_addr | B56: ='Command register base=0x0'!B88 -> 32 | C56: =D56+B56-1 -> 447 | D56: =C55+1 -> 416 | E56: RW | F56: ='Command register base=0x0'!F88 -> 0x0 | G56: insert常数 | H56: ASITIS | I56: 0
A57: ='Command register base=0x0'!A89 -> des_opd3_addr | B57: ='Command register base=0x0'!B89 -> 32 | C57: =D57+B57-1 -> 479 | D57: =C56+1 -> 448 | E57: RW | F57: ='Command register base=0x0'!F89 -> 0x0 | G57: 指向padding/insert tensor或者padding的常数 | H57: ASITIS | I57: 0
A58: des_opd0_h_str | B58: 16 | C58: =D58+B58-1 -> 495 | D58: =C57+1 -> 480 | E58: RW | F58: 0x0 | G58: opd0 h stride | H58: ASITIS | I58: 0
A59: des_opd0_w_str | B59: 16 | C59: =D59+B59-1 -> 511 | D59: =C58+1 -> 496 | E59: RW | F59: 0x0 | G59: opd0 w stride | H59: ASITIS | I59: 0

Sheet sCONV_BW
A1: field | B1: Length（bit） | C1: High（bit） | D1: Low（bit） | E1: RW | F1: Default | G1: descriptions | H1: conv_neuron opd0=image opd1=kernel opd2=bias/kzp res0=result | I1: Code
A2: ='Command register base=0x0'!A2 -> des_cmd_short | B2: ='Command register base=0x0'!B2 -> 1 | C2: =D2+B2-1 -> 0 | D2: 0 | E2: RW | F2: ='Command register base=0x0'!F2 -> 0x0 | G2: 1: 512bit | H2: ASITIS | I2: 0
A3: des_sym_range | B3: 1 | C3: =D3+B3-1 -> 1 | D3: =C2+1 -> 1 | E3: RW | F3: 0x0 | G3: conv/mm2结果量化，是否做对称饱和: 0: 不做对称饱和 1: 做对称饱和 | H3: ASITIS | I3: 0
A4: des_opt_opd4_const | B4: 1 | C4: =D4+B4-1 -> 2 | D4: =C3+1 -> 2 | E4: RW | F4: 0x0 | G4: 当opd0数据类型时INT8，INT4时，KZP是否为常数 0: 非常数 1: 常数 | H4: ASITIS | I4: 0
A5: des_opt_opd5_const | B5: 1 | C5: =D5+B5-1 -> 3 | D5: =C4+1 -> 3 | E5: RW | F5: 0x0 | G5: conv/mm2结果量化，量化参数是否常数 0: 非常数 1: 常数 | H5: ASITIS | I5: 0
A6: des_opt_relu | B6: 1 | C6: =D6+B6-1 -> 4 | D6: =C5+1 -> 4 | E6: RW | F6: 0x0 | G6: 对结果是否做relu 0: 不做relu操作 1: 做relu操作 | H6: ASITIS | I6: 0
A7: des_opt_rq | B7: 1 | C7: =D7+B7-1 -> 5 | D7: =C6+1 -> 5 | E7: RW | F7: 0x0 | G7: 结果是否做量化 0: 不做量化 1: 做量化 | H7: ASITIS | I7: 0
A8: des_opd2_n_str | B8: 3 | C8: =D8+B8-1 -> 8 | D8: =C7+1 -> 6 | E8: RW | F8: ='Command register base=0x0'!F13 -> 0x0 | G8: des_opd2_n_str[2:0]: 0: round_to_even 1: half round up 2: round to zero 3: floor 4: ceil | H8: ASITIS | I8: 0
A9: des_opt_opd1_prec | B9: 3 | C9: =D9+B9-1 -> 11 | D9: =C8+1 -> 9 | E9: RW | F9: ='Command register base=0x0'!F14 -> 0x0 | G9: opd1数据类型 0: INT8 1: FP16 2: FP32 3: INT16 4: INT32 5: BFP16 6: INT4 7：FP8 | H9: ASITIS | I9: 0
A10: ='Command register base=0x0'!A3 -> des_op_code | B10: 5 | C10: =D10+B10-1 -> 16 | D10: =C9+1 -> 12 | E10: RW | F10: ='Command register base=0x0'!F3 -> 0x0 | G10: reserved0 | H10: 0 | I10: 2
A11: ='Command register base=0x0'!A4 -> des_cmd_id_dep | B11: ='Command register base=0x0'!B4 -> 23 | C11: =D11+B11-1 -> 39 | D11: =C10+1 -> 17 | E11: RW | F11: ='Command register base=0x0'!F4 -> 0x0 | G11: Dependency CMD ID 等待des_cmd_id_en指定外部eng ID完成后, 方可执行本descriptor | H11: ASITIS | I11: 0
A12: ='Command register base=0x0'!A5 -> des_dbg_mode | B12: ='Command register base=0x0'!B5 -> 1 | C12: =D12+B12-1 -> 40 | D12: =C11+1 -> 40 | E12: RW | F12: ='Command register base=0x0'!F5 -> 0x0 | G12: debug single_step des_mode | H12: ASITIS
A13: ='Command register base=0x0'!A6 -> des_tsk_typ | B13: ='Command register base=0x0'!B6 -> 4 | C13: =D13+B13-1 -> 44 | D13: =C12+1 -> 41 | E13: RW | F13: ='Command register base=0x0'!F6 -> 0x0 | G13: 指令任务类型 0: conv | H13: ASITIS | I13: 0
A14: ='Command register base=0x0'!A7 -> des_tsk_eu_typ | B14: ='Command register base=0x0'!B7 -> 5 | C14: =D14+B14-1 -> 49 | D14: =C13+1 -> 45 | E14: RW | F14: ='Command register base=0x0'!F7 -> 0x0 | G14: des_tsk_eu_typ[4:0]指令操作类型， 1: CONV_BW 4: CONV_BW_TF32 | H14: ASITIS | I14: 0
A15: ='Command register base=0x0'!A20 -> des_opt_opd0_sign | B15: ='Command register base=0x0'!B20 -> 1 | C15: =D15+B15-1 -> 50 | D15: =C14+1 -> 50 | E15: RW | F15: ='Command register base=0x0'!F20 -> 0x0 | G15: opd0数据类型是INT8时, opd0是否为有符号数 0: 无符号数 1: 有符号数 | H15: ASITIS | I15: 0
A16: des_opt_opd1_sign | B16: ='Command register base=0x0'!B21 -> 1 | C16: =D16+B16-1 -> 51 | D16: =C15+1 -> 51 | E16: RW | F16: ='Command register base=0x0'!F21 -> 0x1 | G16: opd1数据类型是INT8时, opd1是否为有符号数 0: 无符号数 1: 有符号数 | H16: ASITIS | I16: 0
A17: des_opt_opd2_sign | B17: ='Command register base=0x0'!B22 -> 1 | C17: =D17+B17-1 -> 52 | D17: =C16+1 -> 52 | E17: RW | F17: ='Command register base=0x0'!F22 -> 0x1 | G17: opd2数据类型是INT8时, opd2是否为有符号数 0: 无符号数 1: 有符号数 | H17: ASITIS | I17: 0
A18: des_pad_mode | B18: 2 | C18: =D18+B18-1 -> 54 | D18: =C17+1 -> 53 | E18: RW | F18: 0x0 | G18: padding mode: 0: Constant 1: Reflection 2: Replication 3: Circular | H18: ASITIS | I18: 0
A19: des_opt_res0_sign | B19: 1 | C19: =D19+B19-1 -> 55 | D19: =C18+1 -> 55 | E19: RW | F19: 0x0 | G19: res0是INT型时，指明结果是有符号数还是无符号数 0: 无符号 1: 有符号 结果数据类型是FP8时，opd2为152格式或143格式 0：152格式 1：143格式 | H19: ASITIS | I19: 0
A20: des_opt_opd2_prec | B20: 3 | C20: =D20+B20-1 -> 58 | D20: =C19+1 -> 56 | E20: RW | F20: ='Command register base=0x0'!F12 -> 0x0 | G20: opd2数据类型 0: INT8 1: FP16 2: FP32 3: INT16 4: INT32 5: BFP16 6: INT4 7：FP8 | H20: ASITIS | I20: 0
A21: des_pwr_step | B21: 4 | C21: =D21+B21-1 -> 62 | D21: =C20+1 -> 59 | E21: RW | F21: 0x0 | G21: power step | H21: ASITIS | I21: 0
A22: des_opt_res_add | B22: 1 | C22: =D22+B22-1 -> 63 | D22: =C21+1 -> 63 | E22: RW | F22: 0x0 | G22: 如果指令操作类型是CONV_NORMAL, 0: 不做result add 1: 做result add 其他，reserved | H22: ASITIS | I22: 0
A23: ='Command register base=0x0'!A19 -> des_opt_kernel_rotate | B23: ='Command register base=0x0'!B19 -> 1 | C23: =D23+B23-1 -> 64 | D23: =C22+1 -> 64 | E23: RW | F23: ='Command register base=0x0'!F19 -> 0x0 | G23: kernel是否旋转 | H23: ASITIS | I23: 0
A24: ='Command register base=0x0'!A23 -> des_opt_res0_prec | B24: ='Command register base=0x0'!B23 -> 3 | C24: =D24+B24-1 -> 67 | D24: =C23+1 -> 65 | E24: RW | F24: ='Command register base=0x0'!F23 -> 0x2 | G24: res0数据类型 0: INT8 1: FP16 2: FP32 3: INT16 4: INT32 5: BFP16 6: INT4 7：FP8 | H24: ASITIS | I24: 0
A25: ='Command register base=0x0'!A24 -> des_opt_opd0_prec | B25: ='Command register base=0x0'!B24 -> 3 | C25: =D25+B25-1 -> 70 | D25: =C24+1 -> 68 | E25: RW | F25: ='Command register base=0x0'!F24 -> 0x2 | G25: opd0数据类型 0: INT8 1: FP16 2: FP32 3: INT16 4: INT32 5: BFP16 6: INT4 7：FP8 | H25: ASITIS | I25: 0
A26: ='Command register base=0x0'!A28 -> des_opt_opd1_const | B26: ='Command register base=0x0'!B28 -> 1 | C26: =D26+B26-1 -> 71 | D26: =C25+1 -> 71 | E26: RW | F26: ='Command register base=0x0'!F28 -> 0x0 | G26: 0: kernel非常数 1: kernel常数 | H26: ASITIS | I26: 0
A27: ='Command register base=0x0'!A29 -> des_opt_opd2_const | B27: ='Command register base=0x0'!B29 -> 1 | C27: =D27+B27-1 -> 72 | D27: =C26+1 -> 72 | E27: RW | F27: ='Command register base=0x0'!F29 -> 0x0 | G27: 0: bias非常数 1: bias常数 | H27: ASITIS | I27: 0
A28: ='Command register base=0x0'!A43 -> des_opd0_up_pad | B28: ='Command register base=0x0'!B43 -> 4 | C28: =D28+B28-1 -> 76 | D28: =C27+1 -> 73 | E28: RW | F28: ='Command register base=0x0'!F43 -> 0x0 | G28: opd0上方padding行数_x000D_, 0-15有效 | H28: ASITIS | I28: 0
A29: ='Command register base=0x0'!A44 -> des_opd0_dn_pad | B29: ='Command register base=0x0'!B44 -> 4 | C29: =D29+B29-1 -> 80 | D29: =C28+1 -> 77 | E29: RW | F29: ='Command register base=0x0'!F44 -> 0x0 | G29: opd0下方padding行数_x000D_, 0-15有效 | H29: ASITIS | I29: 0
A30: ='Command register base=0x0'!A45 -> des_opd0_lf_pad | B30: ='Command register base=0x0'!B45 -> 4 | C30: =D30+B30-1 -> 84 | D30: =C29+1 -> 81 | E30: RW | F30: ='Command register base=0x0'!F45 -> 0x0 | G30: opd0左方padding列数_x000D_, 0-15有效 | H30: ASITIS | I30: 0
A31: ='Command register base=0x0'!A46 -> des_opd0_rt_pad | B31: ='Command register base=0x0'!B46 -> 4 | C31: =D31+B31-1 -> 88 | D31: =C30+1 -> 85 | E31: RW | F31: ='Command register base=0x0'!F46 -> 0x0 | G31: opd0右方padding列数_x000D_, 0-15有效 | H31: ASITIS | I31: 0
A32: ='Command register base=0x0'!A47 -> des_res_op_x_str | B32: ='Command register base=0x0'!B47 -> 4 | C32: =D32+B32-1 -> 92 | D32: =C31+1 -> 89 | E32: RW | F32: ='Command register base=0x0'!F47 -> 0x1 | G32: 卷积/pooling横向stride, 1-15有效 | H32: ASITIS | I32: 0
A33: ='Command register base=0x0'!A48 -> des_res_op_y_str | B33: ='Command register base=0x0'!B48 -> 4 | C33: =D33+B33-1 -> 96 | D33: =C32+1 -> 93 | E33: RW | F33: ='Command register base=0x0'!F48 -> 0x1 | G33: 卷积/pooling纵向stride, 1-15有效 | H33: ASITIS | I33: 0
A34: ='Command register base=0x0'!A37 -> des_opt_opd3_const | B34: ='Command register base=0x0'!B37 -> 1 | C34: =D34+B34-1 -> 97 | D34: =C33+1 -> 97 | E34: RW | F34: ='Command register base=0x0'!F37 -> 0x0 | G34: opd3是否常数 0: 非常数 1: 常数 | H34: ASITIS | I34: 0
A35: des_short_opd0_str | B35: 3 | C35: =D35+B35-1 -> 100 | D35: =C34+1 -> 98 | E35: RW | F35: ='Command register base=0x0'!F38 -> 0x0 | G35: opd0数据存储格式 0: 对齐, 即 W_STRIDE=1 H_STRIDE=W C_STRIDE=EU_NUM*roundup(H*W/EU_NUM) N_STRIDE=C_STRIDE*roundup(C+C_START/LANE_NUM) 1: tensor others: not support | H35: ASITIS | I35: 0
A36: ='Command register base=0x0'!A76 -> des_res0_addr | B36: 26 | C36: =D36+B36-1 -> 126 | D36: =C35+1 -> 101 | E36: RW | F36: ='Command register base=0x0'!F76 -> 0x0 | G36: res0起始地址 | H36: ASITIS | I36: 0
A37: des_intr_en | B37: 1 | C37: =D37+B37-1 -> 127 | D37: =C36+1 -> 127 | E37: RW | F37: 0x0 | G37: 0: 该指令执行结束不发出intr 1: 该指令执行结束发出intr | H37: ASITIS | I37: 0
A38: ='Command register base=0x0'!A39 -> des_opd0_x_ins0 | B38: ='Command register base=0x0'!B39 -> 4 | C38: =D38+B38-1 -> 131 | D38: =C37+1 -> 128 | E38: RW | F38: ='Command register base=0x0'!F39 -> 0x0 | G38: opd0行方向每个元素后插入常数的个数, 0-14有效 | H38: ASITIS | I38: 0
A39: ='Command register base=0x0'!A40 -> des_opd0_y_ins0 | B39: ='Command register base=0x0'!B40 -> 4 | C39: =D39+B39-1 -> 135 | D39: =C38+1 -> 132 | E39: RW | F39: ='Command register base=0x0'!F40 -> 0x0 | G39: opd0列方向每个元素后插入常数的个数, 0-14有效 | H39: ASITIS | I39: 0
A40: ='Command register base=0x0'!A41 -> des_opd1_x_ins0 | B40: ='Command register base=0x0'!B41 -> 4 | C40: =D40+B40-1 -> 139 | D40: =C39+1 -> 136 | E40: RW | F40: ='Command register base=0x0'!F41 -> 0x0 | G40: opd1行方向每个元素后插入常数的个数, 0-14有效 | H40: ASITIS | I40: 0
A41: ='Command register base=0x0'!A42 -> des_opd1_y_ins0 | B41: ='Command register base=0x0'!B42 -> 4 | C41: =D41+B41-1 -> 143 | D41: =C40+1 -> 140 | E41: RW | F41: ='Command register base=0x0'!F42 -> 0x0 | G41: opd1列方向每个元素后插入常数的个数, 0-14有效 | H41: ASITIS | I41: 0
A42: des_opd0_n_str | B42: 16 | C42: =D42+B42-1 -> 159 | D42: =C41+1 -> 144 | E42: RW | F42: 0x0 | G42: opd0 n stride | H42: ASITIS | I42: 0
A43: des_opd0_n | B43: ='Command register base=0x0'!B56 -> 16 | C43: =D43+B43-1 -> 175 | D43: =C42+1 -> 160 | E43: RW | F43: ='Command register base=0x0'!F56 -> 0x1 | G43: opd0的n, 0无效 | H43: ASITIS | I43: 0
A44: ='Command register base=0x0'!A57 -> des_res0_c | B44: ='Command register base=0x0'!B57 -> 16 | C44: =D44+B44-1 -> 191 | D44: =C43+1 -> 176 | E44: RW | F44: ='Command register base=0x0'!F57 -> 0x1 | G44: res0的c, 0无效 | H44: ASITIS | I44: 0
A45: ='Command register base=0x0'!A58 -> des_res0_h | B45: ='Command register base=0x0'!B58 -> 16 | C45: =D45+B45-1 -> 207 | D45: =C44+1 -> 192 | E45: RW | F45: ='Command register base=0x0'!F58 -> 0x1 | G45: res0的h, 0无效 | H45: ASITIS | I45: 0
A46: ='Command register base=0x0'!A59 -> des_res0_w | B46: ='Command register base=0x0'!B59 -> 16 | C46: =D46+B46-1 -> 223 | D46: =C45+1 -> 208 | E46: RW | F46: ='Command register base=0x0'!F59 -> 0x1 | G46: res0的w, 0无效 | H46: ASITIS | I46: 0
A47: ='Command register base=0x0'!A61 -> des_opd0_c | B47: ='Command register base=0x0'!B61 -> 16 | C47: =D47+B47-1 -> 239 | D47: =C46+1 -> 224 | E47: RW | F47: ='Command register base=0x0'!F61 -> 0x1 | G47: opd0的c, 0无效 | H47: ASITIS | I47: 0
A48: ='Command register base=0x0'!A62 -> des_opd0_h | B48: ='Command register base=0x0'!B62 -> 16 | C48: =D48+B48-1 -> 255 | D48: =C47+1 -> 240 | E48: RW | F48: ='Command register base=0x0'!F62 -> 0x1 | G48: opd0的h, 0无效 | H48: ASITIS | I48: 0
A49: ='Command register base=0x0'!A63 -> des_opd0_w | B49: ='Command register base=0x0'!B63 -> 16 | C49: =D49+B49-1 -> 271 | D49: =C48+1 -> 256 | E49: RW | F49: ='Command register base=0x0'!F63 -> 0x1 | G49: opd0的w, 0无效, | H49: ASITIS | I49: 0
A50: ='Command register base=0x0'!A66 -> des_opd1_h | B50: ='Command register base=0x0'!B66 -> 16 | C50: =D50+B50-1 -> 287 | D50: =C49+1 -> 272 | E50: RW | F50: ='Command register base=0x0'!F66 -> 0x1 | G50: opd1的h, 0无效 | H50: ASITIS | I50: 0
A51: ='Command register base=0x0'!A67 -> des_opd1_w | B51: ='Command register base=0x0'!B67 -> 16 | C51: =D51+B51-1 -> 303 | D51: =C50+1 -> 288 | E51: RW | F51: ='Command register base=0x0'!F67 -> 0x1 | G51: opd1的w, 0无效 | H51: ASITIS | I51: 0
A52: des_opd0_c_str | B52: 16 | C52: =D52+B52-1 -> 319 | D52: =C51+1 -> 304 | E52: RW | F52: 0x0 | G52: opd0 c stride | H52: ASITIS | I52: 0
A53: ='Command register base=0x0'!A77 -> des_opd0_addr | B53: ='Command register base=0x0'!B77 -> 32 | C53: =D53+B53-1 -> 351 | D53: =C52+1 -> 320 | E53: RW | F53: ='Command register base=0x0'!F77 -> 0x0 | G53: opd0起始地址 | H53: ASITIS | I53: 0
A54: ='Command register base=0x0'!A78 -> des_opd1_addr | B54: ='Command register base=0x0'!B78 -> 32 | C54: =D54+B54-1 -> 383 | D54: =C53+1 -> 352 | E54: RW | F54: ='Command register base=0x0'!F78 -> 0x0 | G54: 如果des_opt_opd1_const为0, opd1起始地址, 如果des_opt_opd1_const为1, opd1常数 | H54: ASITIS | I54: 0
A55: ='Command register base=0x0'!A79 -> des_opd2_addr | B55: ='Command register base=0x0'!B79 -> 32 | C55: =D55+B55-1 -> 415 | D55: =C54+1 -> 384 | E55: RW | F55: ='Command register base=0x0'!F79 -> 0x0 | G55: 如果des_opt_opd2_const为0, opd2起始地址 如果des_opt_opd2_const为1, opd2常数 | H55: ASITIS | I55: 0
A56: ='Command register base=0x0'!A88 -> des_res1_addr | B56: ='Command register base=0x0'!B88 -> 32 | C56: =D56+B56-1 -> 447 | D56: =C55+1 -> 416 | E56: RW | F56: ='Command register base=0x0'!F88 -> 0x0 | G56: insert常数 | H56: ASITIS | I56: 0
A57: ='Command register base=0x0'!A89 -> des_opd3_addr | B57: ='Command register base=0x0'!B89 -> 32 | C57: =D57+B57-1 -> 479 | D57: =C56+1 -> 448 | E57: RW | F57: ='Command register base=0x0'!F89 -> 0x0 | G57: 指向padding/insert tensor或者padding的常数 | H57: ASITIS | I57: 0
A58: des_opd0_h_str | B58: 16 | C58: =D58+B58-1 -> 495 | D58: =C57+1 -> 480 | E58: RW | F58: 0x0 | G58: opd0 h stride | H58: ASITIS | I58: 0
A59: des_opd0_w_str | B59: 16 | C59: =D59+B59-1 -> 511 | D59: =C58+1 -> 496 | E59: RW | F59: 0x0 | G59: opd0 w stride | H59: ASITIS | I59: 0

Sheet sPorD
A1: field | B1: Length（bit） | C1: High（bit） | D1: Low（bit） | E1: RW | F1: Default | G1: descriptions | H1: depthwise/pooling opd0=image opd1=kernel opd2=bias(for depth wise) | I1: code
A2: ='Command register base=0x0'!A2 -> des_cmd_short | B2: ='Command register base=0x0'!B2 -> 1 | C2: =D2+B2-1 -> 0 | D2: 0 | E2: ='Command register base=0x0'!E2 -> RW | F2: ='Command register base=0x0'!F2 -> 0x0 | G2: 1: 512bit | H2: ASITIS | I2: 0
A3: des_sym_range | B3: 1 | C3: =D3+B3-1 -> 1 | D3: =C2+1 -> 1 | E3: RW | F3: 0x0 | G3: conv/mm2结果量化，是否做对称饱和: 0: 不做对称饱和 1: 做对称饱和 | H3: ASITIS | I3: 0
A4: des_rsvd0 | B4: 1 | C4: =D4+B4-1 -> 2 | D4: =C3+1 -> 2 | E4: RW | F4: 0x0 | G4: reserved0 | H4: 0 | I4: 2
A5: des_opt_opd5_const | B5: 1 | C5: =D5+B5-1 -> 3 | D5: =C4+1 -> 3 | E5: RW | F5: 0x0 | G5: conv/mm2结果量化，量化参数是否常数 0: 非常数 1: 常数 | H5: ASITIS | I5: 0
A6: des_opt_relu | B6: 1 | C6: =D6+B6-1 -> 4 | D6: =C5+1 -> 4 | E6: RW | F6: 0x0 | G6: 对结果是否做relu 0: 不做relu操作 1: 做relu操作 | H6: ASITIS | I6: 0
A7: des_opt_rq | B7: 1 | C7: =D7+B7-1 -> 5 | D7: =C6+1 -> 5 | E7: RW | F7: 0x0 | G7: 结果是否做量化 0: 不做量化 1: 做量化 | H7: ASITIS | I7: 0
A8: ='Command register base=0x0'!A3 -> des_op_code | B8: 11 | C8: =D8+B8-1 -> 16 | D8: =C7+1 -> 6 | E8: ='Command register base=0x0'!E3 -> RW | F8: ='Command register base=0x0'!F3 -> 0x0 | G8: TPU命令ID 0不可用 | H8: ASITIS | I8: 0
A9: ='Command register base=0x0'!A4 -> des_cmd_id_dep | B9: ='Command register base=0x0'!B4 -> 23 | C9: =D9+B9-1 -> 39 | D9: =C8+1 -> 17 | E9: ='Command register base=0x0'!E4 -> RW | F9: ='Command register base=0x0'!F4 -> 0x0 | G9: Dependency CMD ID 等待des_cmd_id_en指定外部eng ID完成后, 方可执行本descriptor | H9: ASITIS | I9: 0
A10: ='Command register base=0x0'!A5 -> des_dbg_mode | B10: ='Command register base=0x0'!B5 -> 1 | C10: =D10+B10-1 -> 40 | D10: =C9+1 -> 40 | E10: ='Command register base=0x0'!E5 -> RW | F10: ='Command register base=0x0'!F5 -> 0x0 | G10: debug single_step des_mode | H10: ASITIS | I10: 0
A11: des_tsk_typ | B11: 4 | C11: =D11+B11-1 -> 44 | D11: =C10+1 -> 41 | E11: ='Command register base=0x0'!E10 -> RW | F11: ='Command register base=0x0'!F10 -> 0x0 | G11: 指令任务类型 1: depthwise or pooling | H11: ASITIS | I11: 0
A12: ='Command register base=0x0'!A7 -> des_tsk_eu_typ | B12: ='Command register base=0x0'!B7 -> 5 | C12: =D12+B12-1 -> 49 | D12: =C11+1 -> 45 | E12: ='Command register base=0x0'!E7 -> RW | F12: ='Command register base=0x0'!F7 -> 0x0 | G12: 指令操作类型 0: depthwise 1: avg pooling 3: min pooling 4: max pooling 5: ROI depthwise 6: ROI avg pooling 7: ROI max pooling 8: ROI min pooling | H12: ASITIS | I12: 0
A13: des_opt_kernel_rotate | B13: 1 | C13: =D13+B13-1 -> 50 | D13: =C12+1 -> 50 | E13: ='Command register base=0x0'!E9 -> RW | F13: ='Command register base=0x0'!F9 -> 0x2 | G13: kernel是否旋转 | H13: ASITIS | I13: 0
A14: ='Command register base=0x0'!A20 -> des_opt_opd0_sign | B14: ='Command register base=0x0'!B20 -> 1 | C14: =D14+B14-1 -> 51 | D14: =C13+1 -> 51 | E14: ='Command register base=0x0'!E20 -> RW | F14: ='Command register base=0x0'!F20 -> 0x0 | G14: opd0数据类型是INT8时, opd0是否为有符号数 0: 无符号数 1: 有符号数 | H14: ASITIS | I14: 0
A15: ='Command register base=0x0'!A21 -> des_opt_opd1_sign | B15: ='Command register base=0x0'!B21 -> 1 | C15: =D15+B15-1 -> 52 | D15: =C14+1 -> 52 | E15: ='Command register base=0x0'!E21 -> RW | F15: ='Command register base=0x0'!F21 -> 0x1 | G15: opd1数据类型是INT8时, opd0是否为有符号数 0: 无符号数 1: 有符号数 | H15: ASITIS | I15: 0
A16: ='Command register base=0x0'!A10 -> des_pad_mode | B16: ='Command register base=0x0'!B10 -> 2 | C16: =D16+B16-1 -> 54 | D16: =C15+1 -> 53 | E16: ='Command register base=0x0'!E10 -> RW | F16: ='Command register base=0x0'!F10 -> 0x0 | G16: padding mode: 0: Constant 1: Reflection 2: Replication 3: Circular | H16: ASITIS | I16: 0
A17: des_opt_res0_sign | B17: 1 | C17: =D17+B17-1 -> 55 | D17: =C16+1 -> 55 | E17: RW | F17: 0x0 | G17: res0是INT型时，指明结果是有符号数还是无符号数 0: 无符号 1: 有符号 | H17: ASITIS | I17: 0
A18: des_opt_opd2_prec | B18: ='Command register base=0x0'!B12 -> 3 | C18: =D18+B18-1 -> 58 | D18: =C17+1 -> 56 | E18: ='Command register base=0x0'!E12 -> RW | F18: ='Command register base=0x0'!F12 -> 0x0 | G18: opd2数据类型 如果指令操作类型是depthwise, 且操作数类型是INT8, 则 4: INT32 如果操作类型是ROI max pooling/ROI avg pooling/ROI depthwise 0: INT8 1: FP16 2: FP32 5: BFP16 others: reserved | H18: ASITIS | I18: 0
A19: des_pwr_step | B19: ='Command register base=0x0'!B13 -> 4 | C19: =D19+B19-1 -> 62 | D19: =C18+1 -> 59 | E19: ='Command register base=0x0'!E13 -> RW | F19: ='Command register base=0x0'!F13 -> 0x0 | G19: power step | H19: ASITIS | I19: 0
A20: ='Command register base=0x0'!A28 -> des_opt_opd1_const | B20: ='Command register base=0x0'!B28 -> 1 | C20: =D20+B20-1 -> 63 | D20: =C19+1 -> 63 | E20: ='Command register base=0x0'!E28 -> RW | F20: ='Command register base=0x0'!F28 -> 0x0 | G20: opd1是否常数, 如果是常数的话，其值在des_opd1_addr中 如果指令操作类型是avg pooling或者ROI avg pooling，则 1: 常数，即des_opd1_addr表示该常数, 该常数数据类型与opd0相同 | H20: ASITIS | I20: 0
A21: ='Command register base=0x0'!A29 -> des_opt_opd2_const | B21: ='Command register base=0x0'!B29 -> 1 | C21: =D21+B21-1 -> 64 | D21: =C20+1 -> 64 | E21: ='Command register base=0x0'!E29 -> RW | F21: ='Command register base=0x0'!F29 -> 0x0 | G21: 如果指令操作类型是ROI avg, ROI max, ROI depthwise, 则 0: 非常数 1: 常数 | H21: ASITIS | I21: 0
A22: ='Command register base=0x0'!A37 -> des_opt_opd3_const | B22: ='Command register base=0x0'!B37 -> 1 | C22: =D22+B22-1 -> 65 | D22: =C21+1 -> 65 | E22: ='Command register base=0x0'!E37 -> RW | F22: ='Command register base=0x0'!F37 -> 0x0 | G22: 如果指令操作类型是avg pooling, max pooling, depthwise, 则 padding, insert值是否常数 0: 非常数 1: 常数 如果指令操作类型是ROI avg, ROI max, ROI depthwise, 则 Fix0: 非常数 | H22: ASITIS | I22: 0
A23: ='Command register base=0x0'!A23 -> des_opt_res0_prec | B23: ='Command register base=0x0'!B23 -> 3 | C23: =D23+B23-1 -> 68 | D23: =C22+1 -> 66 | E23: ='Command register base=0x0'!E23 -> RW | F23: ='Command register base=0x0'!F23 -> 0x2 | G23: res0数据类型 0: INT8 1: FP16 2: FP32 3: INT16 4: INT32 5: BFP16 others: reserved | H23: ASITIS | I23: 0
A24: ='Command register base=0x0'!A24 -> des_opt_opd0_prec | B24: ='Command register base=0x0'!B24 -> 3 | C24: =D24+B24-1 -> 71 | D24: =C23+1 -> 69 | E24: ='Command register base=0x0'!E24 -> RW | F24: ='Command register base=0x0'!F24 -> 0x2 | G24: opd0数据类型 0: INT8 1: FP16 2: FP32 5: BFP16 others: reserved | H24: ASITIS | I24: 0
A25: ='Command register base=0x0'!A39 -> des_opd0_x_ins0 | B25: ='Command register base=0x0'!B39 -> 4 | C25: =D25+B25-1 -> 75 | D25: =C24+1 -> 72 | E25: ='Command register base=0x0'!E39 -> RW | F25: ='Command register base=0x0'!F39 -> 0x0 | G25: opd0行方向每个元素后插入0的个数, 0-7有效 | H25: ASITIS | I25: 0
A26: ='Command register base=0x0'!A40 -> des_opd0_y_ins0 | B26: ='Command register base=0x0'!B40 -> 4 | C26: =D26+B26-1 -> 79 | D26: =C25+1 -> 76 | E26: ='Command register base=0x0'!E40 -> RW | F26: ='Command register base=0x0'!F40 -> 0x0 | G26: opd0列方向每个元素后插入0的个数, 0-7有效 | H26: ASITIS | I26: 0
A27: ='Command register base=0x0'!A41 -> des_opd1_x_ins0 | B27: ='Command register base=0x0'!B41 -> 4 | C27: =D27+B27-1 -> 83 | D27: =C26+1 -> 80 | E27: ='Command register base=0x0'!E41 -> RW | F27: ='Command register base=0x0'!F41 -> 0x0 | G27: opd1行方向每个元素后插入0的个数, 0-14有效 | H27: ASITIS | I27: 0
A28: ='Command register base=0x0'!A42 -> des_opd1_y_ins0 | B28: ='Command register base=0x0'!B42 -> 4 | C28: =D28+B28-1 -> 87 | D28: =C27+1 -> 84 | E28: ='Command register base=0x0'!E42 -> RW | F28: ='Command register base=0x0'!F42 -> 0x0 | G28: opd1列方向每个元素后插入0的个数, 0-14有效 | H28: ASITIS | I28: 0
A29: ='Command register base=0x0'!A43 -> des_opd0_up_pad | B29: ='Command register base=0x0'!B43 -> 4 | C29: =D29+B29-1 -> 91 | D29: =C28+1 -> 88 | E29: ='Command register base=0x0'!E43 -> RW | F29: ='Command register base=0x0'!F43 -> 0x0 | G29: opd0上方padding行数_x000D_, 0-15有效 | H29: ASITIS | I29: 0
A30: ='Command register base=0x0'!A44 -> des_opd0_dn_pad | B30: ='Command register base=0x0'!B44 -> 4 | C30: =D30+B30-1 -> 95 | D30: =C29+1 -> 92 | E30: ='Command register base=0x0'!E44 -> RW | F30: ='Command register base=0x0'!F44 -> 0x0 | G30: opd0下方padding行数_x000D_, 0-15有效 | H30: ASITIS | I30: 0
A31: ='Command register base=0x0'!A45 -> des_opd0_lf_pad | B31: ='Command register base=0x0'!B45 -> 4 | C31: =D31+B31-1 -> 99 | D31: =C30+1 -> 96 | E31: ='Command register base=0x0'!E45 -> RW | F31: ='Command register base=0x0'!F45 -> 0x0 | G31: opd0左方padding列数_x000D_, 0-15有效 | H31: ASITIS | I31: 0
A32: ='Command register base=0x0'!A46 -> des_opd0_rt_pad | B32: ='Command register base=0x0'!B46 -> 4 | C32: =D32+B32-1 -> 103 | D32: =C31+1 -> 100 | E32: ='Command register base=0x0'!E46 -> RW | F32: ='Command register base=0x0'!F46 -> 0x0 | G32: opd0右方padding列数_x000D_, 0-15有效 | H32: ASITIS | I32: 0
A33: ='Command register base=0x0'!A47 -> des_res_op_x_str | B33: ='Command register base=0x0'!B47 -> 4 | C33: =D33+B33-1 -> 107 | D33: =C32+1 -> 104 | E33: ='Command register base=0x0'!E47 -> RW | F33: ='Command register base=0x0'!F47 -> 0x1 | G33: 卷积/pooling横向stride, 1-15有效 | H33: ASITIS | I33: 0
A34: ='Command register base=0x0'!A48 -> des_res_op_y_str | B34: ='Command register base=0x0'!B48 -> 4 | C34: =D34+B34-1 -> 111 | D34: =C33+1 -> 108 | E34: ='Command register base=0x0'!E48 -> RW | F34: ='Command register base=0x0'!F48 -> 0x1 | G34: 卷积/pooling纵向stride, 1-15有效 | H34: ASITIS | I34: 0
A35: des_opd2_n_str | B35: 3 | C35: =D35+B35-1 -> 114 | D35: =C34+1 -> 112 | E35: RW | F35: 0x0 | G35: des_opd2_n_str[2:0]: 如果指令操作类型是depthwise, depthwise_relu且是INT8运算, round模式 0: round_to_even 1: half round up 2: round to zero 3: floor 4: ceil 5: round to nearest with Ties to Plus Infinity 6: round to nearest with Ties to Minus Infinity | H35: ASITIS | I35: 0
A36: des_rsvd2 | B36: 11 | C36: =D36+B36-1 -> 125 | D36: =C35+1 -> 115 | E36: ='Command register base=0x0'!E37 -> RW | F36: ='Command register base=0x0'!F37 -> 0x0 | G36: reserved0 | H36: 0 | I36: 2
A37: des_opt_opd2_sign | B37: 1 | C37: =D37+B37-1 -> 126 | D37: =C36+1 -> 126 | E37: ='Command register base=0x0'!E37 -> RW | F37: ='Command register base=0x0'!F37 -> 0x0 | G37: opd2符号位 | H37: ASITIS | I37: 0
A38: des_intr_en | B38: 1 | C38: =D38+B38-1 -> 127 | D38: =C37+1 -> 127 | E38: ='Command register base=0x0'!E38 -> RW | F38: ='Command register base=0x0'!F38 -> 0x0 | G38: 0: 该指令执行结束不发出intr 1: 该指令执行结束发出intr | H38: ASITIS | I38: 0
A39: ='Command register base=0x0'!A56 -> des_res0_n | B39: ='Command register base=0x0'!B56 -> 16 | C39: =D39+B39-1 -> 143 | D39: =C38+1 -> 128 | E39: ='Command register base=0x0'!E56 -> RW | F39: ='Command register base=0x0'!F56 -> 0x1 | G39: res0的n, 0无效 | H39: ASITIS | I39: 0
A40: ='Command register base=0x0'!A57 -> des_res0_c | B40: ='Command register base=0x0'!B57 -> 16 | C40: =D40+B40-1 -> 159 | D40: =C39+1 -> 144 | E40: ='Command register base=0x0'!E57 -> RW | F40: ='Command register base=0x0'!F57 -> 0x1 | G40: res0的c, 0无效 | H40: ASITIS | I40: 0
A41: ='Command register base=0x0'!A58 -> des_res0_h | B41: ='Command register base=0x0'!B58 -> 16 | C41: =D41+B41-1 -> 175 | D41: =C40+1 -> 160 | E41: ='Command register base=0x0'!E58 -> RW | F41: ='Command register base=0x0'!F58 -> 0x1 | G41: res0的h, 0无效 | H41: ASITIS | I41: 0
A42: ='Command register base=0x0'!A59 -> des_res0_w | B42: ='Command register base=0x0'!B59 -> 16 | C42: =D42+B42-1 -> 191 | D42: =C41+1 -> 176 | E42: ='Command register base=0x0'!E59 -> RW | F42: ='Command register base=0x0'!F59 -> 0x1 | G42: res0的w, 0无效 | H42: ASITIS | I42: 0
A43: ='Command register base=0x0'!A62 -> des_opd0_h | B43: ='Command register base=0x0'!B62 -> 16 | C43: =D43+B43-1 -> 207 | D43: =C42+1 -> 192 | E43: ='Command register base=0x0'!E62 -> RW | F43: ='Command register base=0x0'!F62 -> 0x1 | G43: opd0的h | H43: ASITIS | I43: 0
A44: ='Command register base=0x0'!A63 -> des_opd0_w | B44: ='Command register base=0x0'!B63 -> 16 | C44: =D44+B44-1 -> 223 | D44: =C43+1 -> 208 | E44: ='Command register base=0x0'!E63 -> RW | F44: ='Command register base=0x0'!F63 -> 0x1 | G44: opd0的w | H44: ASITIS | I44: 0
A45: ='Command register base=0x0'!A66 -> des_opd1_h | B45: ='Command register base=0x0'!B66 -> 16 | C45: =D45+B45-1 -> 239 | D45: =C44+1 -> 224 | E45: ='Command register base=0x0'!E66 -> RW | F45: ='Command register base=0x0'!F66 -> 0x1 | G45: opd1的h, 0无效 | H45: ASITIS | I45: 0
A46: ='Command register base=0x0'!A67 -> des_opd1_w | B46: ='Command register base=0x0'!B67 -> 16 | C46: =D46+B46-1 -> 255 | D46: =C45+1 -> 240 | E46: ='Command register base=0x0'!E67 -> RW | F46: ='Command register base=0x0'!F67 -> 0x1 | G46: opd1的w, 0无效 | H46: ASITIS | I46: 0
A47: ='Command register base=0x0'!A76 -> des_res0_addr | B47: ='Command register base=0x0'!B76 -> 32 | C47: =D47+B47-1 -> 287 | D47: =C46+1 -> 256 | E47: ='Command register base=0x0'!E76 -> RW | F47: ='Command register base=0x0'!F76 -> 0x0 | G47: res0起始地址 | H47: ASITIS | I47: 0
A48: ='Command register base=0x0'!A77 -> des_opd0_addr | B48: ='Command register base=0x0'!B77 -> 32 | C48: =D48+B48-1 -> 319 | D48: =C47+1 -> 288 | E48: ='Command register base=0x0'!E77 -> RW | F48: ='Command register base=0x0'!F77 -> 0x0 | G48: opd0起始地址 | H48: ASITIS | I48: 0
A49: ='Command register base=0x0'!A78 -> des_opd1_addr | B49: ='Command register base=0x0'!B78 -> 32 | C49: =D49+B49-1 -> 351 | D49: =C48+1 -> 320 | E49: ='Command register base=0x0'!E78 -> RW | F49: ='Command register base=0x0'!F78 -> 0x0 | G49: 如果des_opt_opd1_const为0, opd1起始地址 如果des_opt_opd1_const为1, opd1常数 | H49: ASITIS | I49: 0
A50: ='Command register base=0x0'!A79 -> des_opd2_addr | B50: ='Command register base=0x0'!B79 -> 32 | C50: =D50+B50-1 -> 383 | D50: =C49+1 -> 352 | E50: ='Command register base=0x0'!E79 -> RW | F50: ='Command register base=0x0'!F79 -> 0x0 | G50: 如果指令操作类型是depthwise则 bias 如果指令操作类型是max pool/min pool, 则 index输出地址,若地址值为0xFFFFFFFF则表示不输出index张量 如果指令操作类型是ROI avg, ROI max, ROI depthwise, 则 opd2常数 | H50: ASITIS | I50: 0
A51: ='Command register base=0x0'!A88 -> des_res1_addr | B51: ='Command register base=0x0'!B88 -> 32 | C51: =D51+B51-1 -> 415 | D51: =C50+1 -> 384 | E51: ='Command register base=0x0'!E88 -> RW | F51: ='Command register base=0x0'!F88 -> 0x0 | G51: 如果是浮点运算, 则 插值常数 如果指令操作类型是depthwise且是INT8运算, 则 des_res1_addr[7:0]表示插值 | H51: ASITIS | I51: 0
A52: ='Command register base=0x0'!A89 -> des_opd3_addr | B52: ='Command register base=0x0'!B89 -> 32 | C52: =D52+B52-1 -> 447 | D52: =C51+1 -> 416 | E52: ='Command register base=0x0'!E89 -> RW | F52: ='Command register base=0x0'!F89 -> 0x0 | G52: 指向padding tensor的地址或者padding的常数 | H52: ASITIS | I52: 0
A53: des_rsvd3 | B53: 64 | C53: =D53+B53-1 -> 511 | D53: =C52+1 -> 448 | E53: RW | F53: 0x0 | G53: reserved0 | H53: 0 | I53: 2

Sheet sMM
A1: field | B1: Length（bit） | C1: High（bit） | D1: Low（bit） | E1: RW | F1: Default | G1: descriptions | H1: matrix | I1: code
A2: ='Command register base=0x0'!A2 -> des_cmd_short | B2: ='Command register base=0x0'!B2 -> 1 | C2: =D2+B2-1 -> 0 | D2: 0 | E2: ='Command register base=0x0'!E2 -> RW | F2: ='Command register base=0x0'!F2 -> 0x0 | G2: 1: 384bit | H2: ASITIS | I2: 0
A3: des_sym_range | B3: 1 | C3: =D3+B3-1 -> 1 | D3: =C2+1 -> 1 | E3: RW | F3: 0x0 | G3: 量化饱和是否做对称饱和 | H3: ASITIS | I3: 0
A4: des_rsvd0 | B4: 1 | C4: =D4+B4-1 -> 2 | D4: =C3+1 -> 2 | E4: RW | F4: 0x0 | G4: reserved0 | H4: 0 | I4: 2
A5: des_rsvd1 | B5: 1 | C5: =D5+B5-1 -> 3 | D5: =C4+1 -> 3 | E5: RW | F5: 0x0 | G5: reserved0 | H5: 0 | I5: 2
A6: des_opt_relu | B6: 1 | C6: =D6+B6-1 -> 4 | D6: =C5+1 -> 4 | E6: RW | F6: 0x0 | G6: 对结果是否做relu 0: 不做relu操作 1: 做relu操作 | H6: ASITIS | I6: 0
A7: des_opt_rq | B7: 1 | C7: =D7+B7-1 -> 5 | D7: =C6+1 -> 5 | E7: RW | F7: 0x0 | G7: 结果是否做量化 0: 不做量化 1: 做量化 | H7: ASITIS | I7: 0
A8: des_rsvd2 | B8: 3 | C8: =D8+B8-1 -> 8 | D8: =C7+1 -> 6 | E8: RW | F8: ='Command register base=0x0'!F13 -> 0x0 | G8: reserved0 | H8: 0 | I8: 2
A9: des_rsvd3 | B9: 8 | C9: =D9+B9-1 -> 16 | D9: =C8+1 -> 9 | E9: ='Command register base=0x0'!E3 -> RW | F9: ='Command register base=0x0'!F3 -> 0x0 | G9: reserved0 | H9: 0 | I9: 2
A10: ='Command register base=0x0'!A4 -> des_cmd_id_dep | B10: ='Command register base=0x0'!B4 -> 23 | C10: =D10+B10-1 -> 39 | D10: =C9+1 -> 17 | E10: ='Command register base=0x0'!E4 -> RW | F10: ='Command register base=0x0'!F4 -> 0x0 | G10: Dependency CMD ID 等待des_cmd_id_en指定外部eng ID完成后, 方可执行本descriptor | H10: ASITIS | I10: 0
A11: ='Command register base=0x0'!A5 -> des_dbg_mode | B11: ='Command register base=0x0'!B5 -> 1 | C11: =D11+B11-1 -> 40 | D11: =C10+1 -> 40 | E11: ='Command register base=0x0'!E5 -> RW | F11: ='Command register base=0x0'!F5 -> 0x0 | G11: debug single_step des_mode | H11: ASITIS | I11: 0
A12: ='Command register base=0x0'!A6 -> des_tsk_typ | B12: ='Command register base=0x0'!B6 -> 4 | C12: =D12+B12-1 -> 44 | D12: =C11+1 -> 41 | E12: ='Command register base=0x0'!E6 -> RW | F12: ='Command register base=0x0'!F6 -> 0x0 | G12: 指令任务类型 2: matrix multiply && matrix multiply2 | H12: ASITIS | I12: 0
A13: ='Command register base=0x0'!A7 -> des_tsk_eu_typ | B13: 5 | C13: =D13+B13-1 -> 49 | D13: =C12+1 -> 45 | E13: ='Command register base=0x0'!E7 -> RW | F13: ='Command register base=0x0'!F7 -> 0x0 | G13: 指令操作类型 1: MM_NORMAL others: not support | H13: ASITIS | I13: 0
A14: des_opt_res_add | B14: 1 | C14: =D14+B14-1 -> 50 | D14: =C13+1 -> 50 | E14: RW | F14: 0x0 | G14: 是否result_add | H14: ASITIS | I14: 0
A15: ='Command register base=0x0'!A17 -> des_opt_left_tran | B15: ='Command register base=0x0'!B17 -> 1 | C15: =D15+B15-1 -> 51 | D15: =C14+1 -> 51 | E15: ='Command register base=0x0'!E17 -> RW | F15: ='Command register base=0x0'!F17 -> 0x0 | G15: 如果指令操作类型是MM_NORMAL, 左矩阵是否转置 0: 不转置 1: 转置 | H15: ASITIS | I15: 0
A16: des_opt_opd0_const | B16: ='Command register base=0x0'!B28 -> 1 | C16: =D16+B16-1 -> 52 | D16: =C15+1 -> 52 | E16: ='Command register base=0x0'!E28 -> RW | F16: ='Command register base=0x0'!F28 -> 0x0 | G16: opd0是否常数 0: 非常数 1: 常数 | H16: ASITIS | I16: 0
A17: ='Command register base=0x0'!A29 -> des_opt_opd2_const | B17: ='Command register base=0x0'!B29 -> 1 | C17: =D17+B17-1 -> 53 | D17: =C16+1 -> 53 | E17: ='Command register base=0x0'!E29 -> RW | F17: ='Command register base=0x0'!F29 -> 0x0 | G17: opd2是否常数 0: 非常数 1: 常数 | H17: ASITIS | I17: 0
A18: des_rsvd4 | B18: 1 | C18: =D18+B18-1 -> 54 | D18: =C17+1 -> 54 | E18: RW | F18: 0x0 | G18: reserved0 | H18: 0 | I18: 2
A19: ='Command register base=0x0'!A11 -> des_opt_res0_sign | B19: 1 | C19: =D19+B19-1 -> 55 | D19: =C18+1 -> 55 | E19: ='Command register base=0x0'!E11 -> RW | F19: ='Command register base=0x0'!F11 -> 0x0 | G19: res0是INT型时，指明结果是有符号数还是无符号数 0: 无符号 1: 有符号 | H19: ASITIS | I19: 0
A20: des_rsvd5 | B20: 3 | C20: =D20+B20-1 -> 58 | D20: =C19+1 -> 56 | E20: ='Command register base=0x0'!E12 -> RW | F20: ='Command register base=0x0'!F12 -> 0x0 | G20: reserved0 | H20: 0 | I20: 2
A21: des_pwr_step | B21: 4 | C21: =D21+B21-1 -> 62 | D21: =C20+1 -> 59 | E21: ='Command register base=0x0'!E27 -> RW | F21: ='Command register base=0x0'!F27 -> 0x0 | G21: power step | H21: ASITIS | I21: 0
A22: des_intr_en | B22: 1 | C22: =D22+B22-1 -> 63 | D22: =C21+1 -> 63 | E22: RW | F22: 0x0 | G22: 0: 该指令执行结束不发出intr 1: 该指令执行结束发出intr | H22: ASITIS | I22: 0
A23: ='Command register base=0x0'!A20 -> des_opt_opd0_sign | B23: ='Command register base=0x0'!B20 -> 1 | C23: =D23+B23-1 -> 64 | D23: =C22+1 -> 64 | E23: ='Command register base=0x0'!E20 -> RW | F23: ='Command register base=0x0'!F20 -> 0x0 | G23: opd0数据类型是INT8时，opd0是否为有符号数 0: 无符号数 1: 有符号数 | H23: ASITIS | I23: 0
A24: ='Command register base=0x0'!A21 -> des_opt_opd1_sign | B24: ='Command register base=0x0'!B21 -> 1 | C24: =D24+B24-1 -> 65 | D24: =C23+1 -> 65 | E24: ='Command register base=0x0'!E21 -> RW | F24: ='Command register base=0x0'!F21 -> 0x1 | G24: opd1数据类型是INT8时，opd0是否为有符号数 0: 无符号数 1: 有符号数 | H24: ASITIS | I24: 0
A25: des_opt_opd2_sign | B25: 1 | C25: =D25+B25-1 -> 66 | D25: =C24+1 -> 66 | E25: RW | F25: 0x1 | G25: opd2是否为有符号数 如果指令操作类型是MM_NORMAL, 且opd0数据类型是INT32时 0: 无符号数 如果指令操作类型是NM_NORMAL, 且opd0数据类型是INT8/INT16, 则 0: 无符号数 1: 有符号数 | H25: ASITIS | I25: 0
A26: ='Command register base=0x0'!A23 -> des_opt_res0_prec | B26: ='Command register base=0x0'!B23 -> 3 | C26: =D26+B26-1 -> 69 | D26: =C25+1 -> 67 | E26: ='Command register base=0x0'!E23 -> RW | F26: ='Command register base=0x0'!F23 -> 0x2 | G26: res0数据类型 0: INT8 2: FP32 3: INT16 4: INT32 others: reserved | H26: ASITIS | I26: 0
A27: ='Command register base=0x0'!A24 -> des_opt_opd0_prec | B27: ='Command register base=0x0'!B24 -> 3 | C27: =D27+B27-1 -> 72 | D27: =C26+1 -> 70 | E27: ='Command register base=0x0'!E24 -> RW | F27: ='Command register base=0x0'!F24 -> 0x2 | G27: opd0数据类型 0: INT8 2: FP32 3: INT16 4: INT32 others: reserved | H27: ASITIS | I27: 0
A28: des_opd2_n_str | B28: 3 | C28: =D28+B28-1 -> 75 | D28: =C27+1 -> 73 | E28: ='Command register base=0x0'!E28 -> RW | F28: ='Command register base=0x0'!F28 -> 0x0 | G28: 如果指令做量化，则 des_opd2_n_str[2:0], round mode 0: round_to_even 1: half round up 2: round to zero 3: floor 4: ceil 5: round to nearest with Ties to Plus Infinity 6: round to nearest with Ties to Minus Infinity | H28: ASITIS | I28: 0
A29: des_rsvd6 | B29: 20 | C29: =D29+B29-1 -> 95 | D29: =C28+1 -> 76 | E29: RW | F29: 0x0 | G29: reserved0 | H29: 0 | I29: 2
A30: des_rsvd7 | B30: 16 | C30: =D30+B30-1 -> 111 | D30: =C29+1 -> 96 | E30: ='Command register base=0x0'!E56 -> RW | F30: 0x0 | G30: reserved0 | H30: 0 | I30: 2
A31: ='Command register base=0x0'!A57 -> des_res0_c | B31: 16 | C31: =D31+B31-1 -> 127 | D31: =C30+1 -> 112 | E31: ='Command register base=0x0'!E57 -> RW | F31: ='Command register base=0x0'!F57 -> 0x1 | G31: res0的c | H31: ASITIS | I31: 0
A32: ='Command register base=0x0'!A59 -> des_res0_w | B32: 16 | C32: =D32+B32-1 -> 143 | D32: =C31+1 -> 128 | E32: ='Command register base=0x0'!E59 -> RW | F32: ='Command register base=0x0'!F59 -> 0x1 | G32: res0的w | H32: ASITIS | I32: 0
A33: ='Command register base=0x0'!A60 -> des_opd0_n | B33: 16 | C33: =D33+B33-1 -> 159 | D33: =C32+1 -> 144 | E33: ='Command register base=0x0'!E60 -> RW | F33: ='Command register base=0x0'!F60 -> 0x1 | G33: opd0的n 如果指令操作类型是cube, Fix1 | H33: ASITIS | I33: 0
A34: ='Command register base=0x0'!A61 -> des_opd0_c | B34: 16 | C34: =D34+B34-1 -> 175 | D34: =C33+1 -> 160 | E34: ='Command register base=0x0'!E61 -> RW | F34: ='Command register base=0x0'!F61 -> 0x1 | G34: opd0的c | H34: ASITIS | I34: 0
A35: ='Command register base=0x0'!A63 -> des_opd0_w | B35: 16 | C35: =D35+B35-1 -> 191 | D35: =C34+1 -> 176 | E35: ='Command register base=0x0'!E63 -> RW | F35: ='Command register base=0x0'!F63 -> 0x1 | G35: opd0的w | H35: ASITIS | I35: 0
A36: des_rsvd8 | B36: 16 | C36: =D36+B36-1 -> 207 | D36: =C35+1 -> 192 | E36: ='Command register base=0x0'!E64 -> RW | F36: ='Command register base=0x0'!F64 -> 0x1 | G36: reserved0 | H36: 0 | I36: 2
A37: ='Command register base=0x0'!A67 -> des_opd1_w | B37: 16 | C37: =D37+B37-1 -> 223 | D37: =C36+1 -> 208 | E37: ='Command register base=0x0'!E67 -> RW | F37: ='Command register base=0x0'!F67 -> 0x1 | G37: 如果指令操作类型是mac, macs, 则opd0最后一个C的w 如果指令操作类型是cube, 1 | H37: ASITIS | I37: 0
A38: ='Command register base=0x0'!A76 -> des_res0_addr | B38: 32 | C38: =D38+B38-1 -> 255 | D38: =C37+1 -> 224 | E38: ='Command register base=0x0'!E76 -> RW | F38: ='Command register base=0x0'!F76 -> 0x0 | G38: res0起始地址, {des_res0_addr, 6'h00} | H38: ASITIS | I38: 0
A39: ='Command register base=0x0'!A77 -> des_opd0_addr | B39: 32 | C39: =D39+B39-1 -> 287 | D39: =C38+1 -> 256 | E39: ='Command register base=0x0'!E77 -> RW | F39: ='Command register base=0x0'!F77 -> 0x0 | G39: opd0起始地址, {des_opd0_addr, 6'h00} | H39: ASITIS | I39: 0
A40: ='Command register base=0x0'!A78 -> des_opd1_addr | B40: 32 | C40: =D40+B40-1 -> 319 | D40: =C39+1 -> 288 | E40: ='Command register base=0x0'!E78 -> RW | F40: ='Command register base=0x0'!F78 -> 0x0 | G40: opd1起始地址, {des_res0_prec[16:11], des_opd0_addr, 6'h00} | H40: ASITIS | I40: 0
A41: ='Command register base=0x0'!A79 -> des_opd2_addr | B41: ='Command register base=0x0'!B79 -> 32 | C41: =D41+B41-1 -> 351 | D41: =C40+1 -> 320 | E41: ='Command register base=0x0'!E79 -> RW | F41: ='Command register base=0x0'!F79 -> 0x0 | G41: 如果des_opt_opd2_const为0, opd2起始地址 如果des_opt_opd2_const为1, opd2常数 | H41: ASITIS | I41: 0
A42: des_rsvd9 | B42: 32 | C42: =D42+B42-1 -> 383 | D42: =C41+1 -> 352 | E42: ='Command register base=0x0'!E80 -> RW | F42: ='Command register base=0x0'!F80 -> 0x1 | G42: reserved0 | H42: 0 | I42: 2

Sheet sMM2
A1: field | B1: Length（bit） | C1: High（bit） | D1: Low（bit） | E1: RW | F1: Default | G1: descriptions | H1: matrix | I1: code
A2: ='Command register base=0x0'!A2 -> des_cmd_short | B2: ='Command register base=0x0'!B2 -> 1 | C2: =B2+D2-1 -> 0 | D2: ='Command register base=0x0'!D2 -> 0 | E2: ='Command register base=0x0'!E2 -> RW | F2: ='Command register base=0x0'!F2 -> 0x0 | G2: 1: 256bit | H2: ASITIS | I2: 0 | J2: 无需软件配置，且不影响硬件行为的field
A3: des_sym_range | B3: 1 | C3: =D3+B3-1 -> 1 | D3: =C2+1 -> 1 | E3: RW | F3: 0x0 | G3: conv/mm2结果量化，是否做对称饱和: 0: 不做对称饱和 1: 做对称饱和 | H3: ASITIS | I3: 0
A4: des_opt_opd4_const | B4: 1 | C4: =D4+B4-1 -> 2 | D4: =C3+1 -> 2 | E4: RW | F4: 0x0 | G4: 当opd0数据类型时INT8，INT4时，KZP是否为常数 0: 非常数 1: 常数 | H4: ASITIS | I4: 0
A5: des_opt_opd5_const | B5: 1 | C5: =D5+B5-1 -> 3 | D5: =C4+1 -> 3 | E5: RW | F5: 0x0 | G5: conv/mm2结果量化，量化参数是否常数 0: 非常数 1: 常数 | H5: ASITIS | I5: 0
A6: des_opt_relu | B6: 1 | C6: =D6+B6-1 -> 4 | D6: =C5+1 -> 4 | E6: RW | F6: 0x0 | G6: 对结果是否做relu 0: 不做relu操作 1: 做relu操作 | H6: ASITIS | I6: 0
A7: des_opt_rq | B7: 1 | C7: =D7+B7-1 -> 5 | D7: =C6+1 -> 5 | E7: RW | F7: 0x0 | G7: 结果是否做量化 0: 不做量化 1: 做量化 | H7: ASITIS | I7: 0
A8: des_opt_opd2_prec | B8: 3 | C8: =D8+B8-1 -> 8 | D8: =C7+1 -> 6 | E8: RW | F8: 0x0 | G8: opd2数据类型 0: INT8 1: FP16 2: FP32 3: INT16 4: INT32 5: BFP16 6: INT4 7：FP8 | H8: ASITIS | I8: 2
A9: des_opt_opd1_prec | B9: 3 | C9: =D9+B9-1 -> 11 | D9: =C8+1 -> 9 | E9: RW | F9: ='Command register base=0x0'!F14 -> 0x0 | G9: opd1数据类型 0: INT8 1: FP16 2: FP32 3: INT16 4: INT32 5: BFP16 6: INT4 7：FP8 | H9: ASITIS | I9: 0
A10: des_rsvd1 | B10: 2 | C10: =D10+B10-1 -> 13 | D10: =C9+1 -> 12 | E10: =#REF! -> #REF! | F10: =#REF! -> #REF! | G10: reserved0 | H10: 0 | I10: 2
A11: des_opt_opd2_sign | B11: 1 | C11: =D11+B11-1 -> 14 | D11: =C10+1 -> 14 | E11: RW | F11: 0x0 | G11: opd2数据类型是INT8, int4时，bias是否为有符号数 0: 无符号数 1: 有符号数 | H11: ASITIS | I11: 0
A12: ='Command register base=0x0'!A3 -> des_op_code | B12: 2 | C12: =D12+B12-1 -> 16 | D12: =C11+1 -> 15 | E12: ='Command register base=0x0'!E3 -> RW | F12: ='Command register base=0x0'!F3 -> 0x0 | G12: TPU命令ID 0不可用 | H12: ASITIS | I12: 0 | J12: 必需的指令field
A13: ='Command register base=0x0'!A4 -> des_cmd_id_dep | B13: ='Command register base=0x0'!B4 -> 23 | C13: =B13+D13-1 -> 39 | D13: =C12+1 -> 17 | E13: ='Command register base=0x0'!E4 -> RW | F13: ='Command register base=0x0'!F4 -> 0x0 | G13: Dependency CMD ID 等待des_cmd_id_en指定外部eng ID完成后, 方可执行本descriptor | H13: ASITIS | I13: 0 | J13: 硬件可推导的指令filed，无需软件配置
A14: ='Command register base=0x0'!A5 -> des_dbg_mode | B14: ='Command register base=0x0'!B5 -> 1 | C14: =B14+D14-1 -> 40 | D14: =C13+1 -> 40 | E14: ='Command register base=0x0'!E5 -> RW | F14: ='Command register base=0x0'!F5 -> 0x0 | G14: debug single_step des_mode | H14: ASITIS | I14: 0
A15: ='Command register base=0x0'!A6 -> des_tsk_typ | B15: ='Command register base=0x0'!B6 -> 4 | C15: =B15+D15-1 -> 44 | D15: =C14+1 -> 41 | E15: ='Command register base=0x0'!E6 -> RW | F15: ='Command register base=0x0'!F6 -> 0x0 | G15: 指令任务类型 2: matrix multiply && matrix multiply2 | H15: ASITIS | I15: 0
A16: ='Command register base=0x0'!A7 -> des_tsk_eu_typ | B16: ='Command register base=0x0'!B7 -> 5 | C16: =B16+D16-1 -> 49 | D16: =C15+1 -> 45 | E16: ='Command register base=0x0'!E7 -> RW | F16: ='Command register base=0x0'!F7 -> 0x0 | G16: 指令操作类型 4: MM2_NN 5: MM2_NT 6: MM2_TT 7: MM2_NN_TF32 （MM2_TF32 - 4） 8: MM2_NT_TF32 （MM2_TF32 - 5） 9: MM2_TT_TF32 （MM2_TF32 - 6） others: not support | H16: ASITIS | I16: 0
A17: ='Command register base=0x0'!A20 -> des_opt_opd0_sign | B17: ='Command register base=0x0'!B20 -> 1 | C17: =B17+D17-1 -> 50 | D17: =C16+1 -> 50 | E17: ='Command register base=0x0'!E20 -> RW | F17: ='Command register base=0x0'!F20 -> 0x0 | G17: opd0数据类型是INT8时，opd0是否为有符号数 0: 无符号数 1: 有符号数 | H17: ASITIS | I17: 0
A18: ='Command register base=0x0'!A21 -> des_opt_opd1_sign | B18: ='Command register base=0x0'!B21 -> 1 | C18: =B18+D18-1 -> 51 | D18: =C17+1 -> 51 | E18: ='Command register base=0x0'!E21 -> RW | F18: ='Command register base=0x0'!F21 -> 0x1 | G18: opd1数据类型是INT8时，opd1是否为有符号数 0: 无符号数 1: 有符号数 | H18: ASITIS | I18: 0
A19: ='Command register base=0x0'!A23 -> des_opt_res0_prec | B19: ='Command register base=0x0'!B23 -> 3 | C19: =B19+D19-1 -> 54 | D19: =C18+1 -> 52 | E19: ='Command register base=0x0'!E23 -> RW | F19: ='Command register base=0x0'!F23 -> 0x2 | G19: res0数据类型 如果opd0数据类型是INT8, 则 4: INT32 如果opd0数据类型是FP16, 则 1: FP16 2: FP32 如果opd0数据类型是BF16, 则 2: FP32 5: BF16 others: reserved | H19: ASITIS | I19: 0
A20: des_opt_res0_sign | B20: 1 | C20: =B20+D20-1 -> 55 | D20: =C19+1 -> 55 | E20: ='Command register base=0x0'!E12 -> RW | F20: ='Command register base=0x0'!F12 -> 0x0 | G20: res0是INT型时，指明结果是有符号数还是无符号数 0: 无符号 1: 有符号 | H20: ASITIS | I20: 0
A21: des_opd2_n_str | B21: 3 | C21: =B21+D21-1 -> 58 | D21: =C20+1 -> 56 | E21: RW | F21: 0x0 | G21: des_opd2_n_str[2:0]: 0: round_to_even 1: half round up 2: round to zero 3: floor 4: ceil | H21: ASITIS | I21: 0
A22: ='Command register base=0x0'!A13 -> des_pwr_step | B22: ='Command register base=0x0'!B13 -> 4 | C22: =B22+D22-1 -> 62 | D22: =C21+1 -> 59 | E22: ='Command register base=0x0'!E13 -> RW | F22: ='Command register base=0x0'!F13 -> 0x0 | G22: power step | H22: ASITIS | I22: 0
A23: ='Command register base=0x0'!A29 -> des_opt_opd2_const | B23: ='Command register base=0x0'!B29 -> 1 | C23: =B23+D23-1 -> 63 | D23: =C22+1 -> 63 | E23: ='Command register base=0x0'!E29 -> RW | F23: ='Command register base=0x0'!F29 -> 0x0 | G23: opd2是否常数, 如果是常数的话, 其值在des_opd2_addr中 0: 非常数 1: 常数 | H23: ASITIS | I23: 0
A24: ='Command register base=0x0'!A57 -> des_res0_c | B24: ='Command register base=0x0'!B57 -> 16 | C24: =B24+D24-1 -> 79 | D24: =C23+1 -> 64 | E24: ='Command register base=0x0'!E57 -> RW | F24: ='Command register base=0x0'!F57 -> 0x1 | G24: res0的c | H24: ASITIS | I24: 0
A25: ='Command register base=0x0'!A59 -> des_res0_w | B25: ='Command register base=0x0'!B59 -> 16 | C25: =B25+D25-1 -> 95 | D25: =C24+1 -> 80 | E25: ='Command register base=0x0'!E59 -> RW | F25: ='Command register base=0x0'!F59 -> 0x1 | G25: res0的w | H25: ASITIS | I25: 0
A26: ='Command register base=0x0'!A65 -> des_opd1_c | B26: ='Command register base=0x0'!B65 -> 16 | C26: =B26+D26-1 -> 111 | D26: =C25+1 -> 96 | E26: ='Command register base=0x0'!E65 -> RW | F26: ='Command register base=0x0'!F65 -> 0x1 | G26: opd1的c 如果指令操作类型是MM2_NN, 则 des_opd1_c 如果指令操作类型是MM_NT, 则 des_res0_w 如果指令操作类型是MM_TT, 则 des_res0_c | H26: ASITIS | I26: 0
A27: ='Command register base=0x0'!A67 -> des_opd1_w | B27: ='Command register base=0x0'!B67 -> 16 | C27: =B27+D27-1 -> 127 | D27: =C26+1 -> 112 | E27: ='Command register base=0x0'!E67 -> RW | F27: ='Command register base=0x0'!F67 -> 0x1 | G27: opd1的w 如果指令操作类型是MM2_NN, 则 des_res0_w 如果指令操作类型是MM2_NT, 则 des_res0_c 如果指令操作类型是MM_TT, 则 des_opd1_w | H27: ASITIS | I27: 0
A28: ='Command register base=0x0'!A24 -> des_opt_opd0_prec | B28: ='Command register base=0x0'!B24 -> 3 | C28: =B28+D28-1 -> 130 | D28: =C27+1 -> 128 | E28: ='Command register base=0x0'!E24 -> RW | F28: ='Command register base=0x0'!F24 -> 0x2 | G28: opd0数据类型 0: INT8 1: FP16 2: FP32 3: INT16 4: INT32 5: BFP16 6: INT4 7：FP8 | H28: ASITIS | I28: 0
A29: ='Command register base=0x0'!A27 -> des_opt_opd0_const | B29: ='Command register base=0x0'!B27 -> 1 | C29: =B29+D29-1 -> 131 | D29: =C28+1 -> 131 | E29: ='Command register base=0x0'!E27 -> RW | F29: ='Command register base=0x0'!F27 -> 0x0 | G29: opd0是否常数_x000D_, 如果是常数的话, 其值在des_opd0_addr中 0: 非常数 1: 常数 | H29: ASITIS | I29: 0
A30: ='Command register base=0x0'!A28 -> des_opt_opd1_const | B30: ='Command register base=0x0'!B28 -> 1 | C30: =B30+D30-1 -> 132 | D30: =C29+1 -> 132 | E30: ='Command register base=0x0'!E28 -> RW | F30: ='Command register base=0x0'!F28 -> 0x0 | G30: opd1是否常数, 如果是常数的话, 其值在des_opd1_addr中 0: 非常数 1: 常数 | H30: ASITIS | I30: 0
A31: des_opt_res_add | B31: 1 | C31: =B31+D31-1 -> 133 | D31: =C30+1 -> 133 | E31: RW | F31: 0x0 | G31: 是否result add | H31: ASITIS | I31: 0
A32: ='Command register base=0x0'!A76 -> des_res0_addr | B32: 25 | C32: =B32+D32-1 -> 158 | D32: =C31+1 -> 134 | E32: ='Command register base=0x0'!E76 -> RW | F32: ='Command register base=0x0'!F76 -> 0x0 | G32: res0起始地址 | H32: ASITIS | I32: 0
A33: des_intr_en | B33: 1 | C33: =B33+D33-1 -> 159 | D33: =C32+1 -> 159 | E33: RW | F33: 0x0 | G33: 0: 该指令执行结束不发出intr 1: 该指令执行结束发出intr | H33: ASITIS | I33: 0
A34: ='Command register base=0x0'!A77 -> des_opd0_addr | B34: ='Command register base=0x0'!B77 -> 32 | C34: =B34+D34-1 -> 191 | D34: =C33+1 -> 160 | E34: ='Command register base=0x0'!E77 -> RW | F34: ='Command register base=0x0'!F77 -> 0x0 | G34: 如果des_opt_opd0_const为0, opd0起始地址 如果des_opt_opd0_const为1, opd0常数 | H34: ASITIS | I34: 0
A35: ='Command register base=0x0'!A78 -> des_opd1_addr | B35: ='Command register base=0x0'!B78 -> 32 | C35: =B35+D35-1 -> 223 | D35: =C34+1 -> 192 | E35: ='Command register base=0x0'!E78 -> RW | F35: ='Command register base=0x0'!F78 -> 0x0 | G35: 如果des_opt_opd1_const为0, opd1起始地址 如果des_opt_opd1_const为1, opd1常数 | H35: ASITIS | I35: 0
A36: ='Command register base=0x0'!A79 -> des_opd2_addr | B36: ='Command register base=0x0'!B79 -> 32 | C36: =B36+D36-1 -> 255 | D36: =C35+1 -> 224 | E36: ='Command register base=0x0'!E79 -> RW | F36: ='Command register base=0x0'!F79 -> 0x0 | G36: 如果des_opt_opd2_const为0, opd2起始地址 如果des_opt_opd2_const为1, opd2常数 | H36: ASITIS | I36: 0

Sheet sAR
A1: field | B1: Length（bit） | C1: High（bit） | D1: Low（bit） | E1: RW | F1: Default | G1: descriptions | H1: tensor | I1: Code
A2: ='Command register base=0x0'!A2 -> des_cmd_short | B2: ='Command register base=0x0'!B2 -> 1 | C2: =D2+B2-1 -> 0 | D2: 0 | E2: ='Command register base=0x0'!E2 -> RW | F2: ='Command register base=0x0'!F2 -> 0x0 | G2: 1: 512bit | H2: ASITIS | I2: 0
A3: ='Command register base=0x0'!A3 -> des_op_code | B3: ='Command register base=0x0'!B3 -> 16 | C3: =D3+B3-1 -> 16 | D3: =C2+1 -> 1 | E3: ='Command register base=0x0'!E3 -> RW | F3: ='Command register base=0x0'!F3 -> 0x0 | G3: TPU命令ID 0不可用 | H3: ASITIS | I3: 0
A4: ='Command register base=0x0'!A4 -> des_cmd_id_dep | B4: ='Command register base=0x0'!B4 -> 23 | C4: =D4+B4-1 -> 39 | D4: =C3+1 -> 17 | E4: ='Command register base=0x0'!E4 -> RW | F4: ='Command register base=0x0'!F4 -> 0x0 | G4: Dependency CMD ID 等待des_cmd_id_en指定外部eng ID完成后, 方可执行本descriptor | H4: ASITIS | I4: 0
A5: ='Command register base=0x0'!A5 -> des_dbg_mode | B5: ='Command register base=0x0'!B5 -> 1 | C5: =D5+B5-1 -> 40 | D5: =C4+1 -> 40 | E5: ='Command register base=0x0'!E5 -> RW | F5: ='Command register base=0x0'!F5 -> 0x0 | G5: debug single_step des_mode | H5: ASITIS | I5: 0
A6: ='Command register base=0x0'!A6 -> des_tsk_typ | B6: ='Command register base=0x0'!B6 -> 4 | C6: =D6+B6-1 -> 44 | D6: =C5+1 -> 41 | E6: ='Command register base=0x0'!E6 -> RW | F6: ='Command register base=0x0'!F6 -> 0x0 | G6: 指令任务类型 3: tensor arithmetic | H6: ASITIS | I6: 0
A7: ='Command register base=0x0'!A7 -> des_tsk_eu_typ | B7: ='Command register base=0x0'!B7 -> 5 | C7: =D7+B7-1 -> 49 | D7: =C6+1 -> 45 | E7: ='Command register base=0x0'!E7 -> RW | F7: ='Command register base=0x0'!F7 -> 0x0 | G7: 指令操作类型 0: mul 1: not 2: add 3: sub 4: max 5: min 6: logic shift 7: and 8: or 9: xor 10: select great 11: select equal 12: div 13: select less 14: data_convert 15: add_satu 16: sub_satu 18: mac 19: copy 20: MUL_SATU 21: arith shift 22: rotate shift 23: mulDHR [N] 26: ABS 27: FSUBABS 28: copy_mb [N] 29: get_first_one 30: get_first_zero others: not support | H7: ASITIS | I7: 0
A8: ='Command register base=0x0'!A27 -> des_opt_opd0_const | B8: ='Command register base=0x0'!B27 -> 1 | C8: =D8+B8-1 -> 50 | D8: =C7+1 -> 50 | E8: ='Command register base=0x0'!E27 -> RW | F8: ='Command register base=0x0'!F27 -> 0x0 | G8: opd0是否常数_x000D_, 如果是常数的话, 其值在des_opd0_addr中 0: 非常数 1: 常数 | H8: ASITIS | I8: 0
A9: ='Command register base=0x0'!A28 -> des_opt_opd1_const | B9: ='Command register base=0x0'!B28 -> 1 | C9: =D9+B9-1 -> 51 | D9: =C8+1 -> 51 | E9: ='Command register base=0x0'!E28 -> RW | F9: ='Command register base=0x0'!F28 -> 0x0 | G9: opd1是否常数, 如果是常数的话，其值在des_opd1_addr中 0: 非常数 1: 常数 | H9: ASITIS | I9: 0
A10: ='Command register base=0x0'!A29 -> des_opt_opd2_const | B10: ='Command register base=0x0'!B29 -> 1 | C10: =D10+B10-1 -> 52 | D10: =C9+1 -> 52 | E10: ='Command register base=0x0'!E29 -> RW | F10: ='Command register base=0x0'!F29 -> 0x0 | G10: opd2是否常数, 如果是常数的话，其值在des_opd2_addr中 如果指令操作类型是SELECT_EQUAL/SELECT_GREAT/SELECT_LESS, mac 1: 常数 如果指令操作类型是ADD, SUB, MUL, 且操作数数目为3, 0: 非常数 1: 常数 others: not support | H10: ASITIS | I10: 0
A11: des_tsk_opd_num | B11: 2 | C11: =D11+B11-1 -> 54 | D11: =C10+1 -> 53 | E11: ='[1]Command register base=0x0'!E13 -> RW | F11: ='[1]Command register base=0x0'!F13 -> 0x0 | G11: 输入操作数数目 如果指令操作类型是mul, add, sub, mul_satu, add_satu, sub_satu且操作数为整数, 则 2: 2个操作数, opd0--A, opd1--B 3: 3个操作数_x000D_, opd0--A, opd1--B, opd2--M 如果指令操作类型是mac, 且opd0类型是整数, 则 3: 3个操作数, opd0--A, opd1--B, opd2--移位{n, m} 如果指令操作类型是data_convert, not, copy, copy_mb, ABS, 则 1: 1个操作数, opd0--A 其他: 2: 2个操作数, opd0--A, opd1--B | H11: ASITIS | I11: 0
A12: des_sym_range | B12: 1 | C12: =D12+B12-1 -> 55 | D12: =C11+1 -> 55 | E12: RW | F12: 0x0 | G12: 结果是否做饱和 | H12: ASITIS
A13: des_opt_res0_sign | B13: 1 | C13: =D13+B13-1 -> 56 | D13: =C12+1 -> 56 | E13: RW | F13: 0x0 | G13: res0数据类型是FP8时，res0为152格式或143格式 0：152格式 1：143格式 | H13: ASITIS | I13: 0
A14: des_rsvd0 | B14: 2 | C14: =D14+B14-1 -> 58 | D14: =C13+1 -> 57 | E14: RW | F14: 0x0 | G14: resvd0 | H14: 0 | I14: 0
A15: des_pwr_step | B15: ='Command register base=0x0'!B13 -> 4 | C15: =D15+B15-1 -> 62 | D15: =C14+1 -> 59 | E15: ='Command register base=0x0'!E13 -> RW | F15: ='Command register base=0x0'!F13 -> 0x0 | G15: power step | H15: ASITIS | I15: 0
A16: des_intr_en | B16: 1 | C16: =D16+B16-1 -> 63 | D16: =C15+1 -> 63 | E16: RW | F16: 0x0 | G16: 0: 该指令执行结束不发出intr 1: 该指令执行结束发出intr | H16: ASITIS | I16: 0
A17: ='Command register base=0x0'!A23 -> des_opt_res0_prec | B17: ='Command register base=0x0'!B23 -> 3 | C17: =D17+B17-1 -> 66 | D17: =C16+1 -> 64 | E17: ='Command register base=0x0'!E23 -> RW | F17: ='Command register base=0x0'!F23 -> 0x2 | G17: res0数据类型 0: INT8 1: FP16 2: FP32 3: INT16 4: INT32 5: BFP16 6: INT4 others: not support | H17: ASITIS | I17: 0
A18: ='Command register base=0x0'!A24 -> des_opt_opd0_prec | B18: ='Command register base=0x0'!B24 -> 3 | C18: =D18+B18-1 -> 69 | D18: =C17+1 -> 67 | E18: ='Command register base=0x0'!E24 -> RW | F18: ='Command register base=0x0'!F24 -> 0x2 | G18: opd0数据类型 0: INT8 1: FP16 2: FP32 3: INT16 4: INT32 5: BFP16 6: INT4 others: not support | H18: ASITIS | I18: 0
A19: ='Command register base=0x0'!A25 -> des_opt_opd1_prec | B19: ='Command register base=0x0'!B25 -> 3 | C19: =D19+B19-1 -> 72 | D19: =C18+1 -> 70 | E19: ='Command register base=0x0'!E25 -> RW | F19: ='Command register base=0x0'!F25 -> 0x2 | G19: opd1数据类型 0: INT8 1: FP16 2: FP32 3: INT16 4: INT32 5: BFP16 6: INT4 others: not support | H19: ASITIS | I19: 0
A20: ='Command register base=0x0'!A26 -> des_opt_opd2_prec | B20: ='Command register base=0x0'!B26 -> 3 | C20: =D20+B20-1 -> 75 | D20: =C19+1 -> 73 | E20: ='Command register base=0x0'!E26 -> RW | F20: ='Command register base=0x0'!F26 -> 0x2 | G20: opd2数据类型 0: INT8 3: INT16 4: INT32 | H20: ASITIS | I20: 0
A21: ='Command register base=0x0'!A20 -> des_opt_opd0_sign | B21: ='Command register base=0x0'!B20 -> 1 | C21: =D21+B21-1 -> 76 | D21: =C20+1 -> 76 | E21: ='Command register base=0x0'!E20 -> RW | F21: ='Command register base=0x0'!F20 -> 0x0 | G21: opd0数据类型是整数类型时，opd0是否为有符号数 0: 无符号数 1: 有符号数 | H21: ASITIS | I21: 0
A22: ='Command register base=0x0'!A21 -> des_opt_opd1_sign | B22: ='Command register base=0x0'!B21 -> 1 | C22: =D22+B22-1 -> 77 | D22: =C21+1 -> 77 | E22: ='Command register base=0x0'!E21 -> RW | F22: ='Command register base=0x0'!F21 -> 0x1 | G22: opd1数据类型是整数类型时，opd1是否为有符号数 0: 无符号数 1: 有符号数 | H22: ASITIS | I22: 0
A23: ='Command register base=0x0'!A30 -> des_short_res0_str | B23: ='Command register base=0x0'!B30 -> 3 | C23: =D23+B23-1 -> 80 | D23: =C22+1 -> 78 | E23: ='Command register base=0x0'!E30 -> RW | F23: ='Command register base=0x0'!F30 -> 0x0 | G23: res0数据存储格式 如果指令操作类型是copy_mb, 则 3: tensor格式 此外, 0: 对齐, 即 W_STRIDE=1 H_STRIDE=W C_STRIDE=EU_NUM*roundup(H*W/EU_NUM) N_STRIDE=C_STRIDE*roundup(C+C_START/LANE_NUM) 3: tensor格式 others: not support | I23: 0
A24: ='Command register base=0x0'!A31 -> des_short_opd0_str | B24: ='Command register base=0x0'!B31 -> 3 | C24: =D24+B24-1 -> 83 | D24: =C23+1 -> 81 | E24: ='Command register base=0x0'!E31 -> RW | F24: ='Command register base=0x0'!F31 -> 0x0 | G24: opd0数据存储格式 0: 对齐, 即 W_STRIDE=1 H_STRIDE=W C_STRIDE=EU_NUM*roundup(H*W/EU_NUM) N_STRIDE=C_STRIDE*roundup(C+C_START/LANE_NUM) 3: 张量，看具体配置 others: not support | H24: ASITIS | I24: 0
A25: ='Command register base=0x0'!A32 -> des_short_opd1_str | B25: ='Command register base=0x0'!B32 -> 3 | C25: =D25+B25-1 -> 86 | D25: =C24+1 -> 84 | E25: ='Command register base=0x0'!E32 -> RW | F25: ='Command register base=0x0'!F32 -> 0x0 | G25: opd1数据存储格式 如果指令操作类型是clamp, 则 2: 偏置 其他, 0: 对齐, 即 W_STRIDE=1 H_STRIDE=W C_STRIDE=EU_NUM*roundup(H*W/EU_NUM) N_STRIDE=C_STRIDE*roundup(C+C_START/LANE_NUM) 3: 张量，看具体配置 others: reserved | H25: ASITIS | I25: 0
A26: ='Command register base=0x0'!A74 -> des_opd2_n_str | B26: 3 | C26: =D26+B26-1 -> 89 | D26: =C25+1 -> 87 | E26: ='Command register base=0x0'!E74 -> RW | F26: ='Command register base=0x0'!F74 -> 0x1 | G26: des_opd2_n_str[2:0]: 如果指令操作类型是mulDhr, muHr, round模式 0: round_to_even 1: half round up 2: round to zero 3: floor 4: ceil 5: round to nearest with Ties to Plus Infinity 6: round to nearest with Ties to Minus Infinity 如果指令操作类型是data_convert, 0: round_to_even 1: half round up 2: round to zero 3: floor 4: ceil | H26: ASITIS | I26: 0
A27: des_rsvd1 | B27: 6 | C27: =D27+B27-1 -> 95 | D27: =C26+1 -> 90 | E27: RW | F27: 0x1 | G27: reserved0 | H27: 0 | I27: 0
A28: ='Command register base=0x0'!A56 -> des_res0_n | B28: 16 | C28: =D28+B28-1 -> 111 | D28: =C27+1 -> 96 | E28: ='Command register base=0x0'!E56 -> RW | F28: ='Command register base=0x0'!F56 -> 0x1 | G28: res0的n | H28: ASITIS | I28: 0
A29: ='Command register base=0x0'!A57 -> des_res0_c | B29: 16 | C29: =D29+B29-1 -> 127 | D29: =C28+1 -> 112 | E29: ='Command register base=0x0'!E57 -> RW | F29: ='Command register base=0x0'!F57 -> 0x1 | G29: res0的c | H29: ASITIS | I29: 0
A30: ='Command register base=0x0'!A58 -> des_res0_h | B30: 16 | C30: =D30+B30-1 -> 143 | D30: =C29+1 -> 128 | E30: ='Command register base=0x0'!E58 -> RW | F30: ='Command register base=0x0'!F58 -> 0x1 | G30: res0的h | H30: ASITIS | I30: 0
A31: ='Command register base=0x0'!A59 -> des_res0_w | B31: 16 | C31: =D31+B31-1 -> 159 | D31: =C30+1 -> 144 | E31: ='Command register base=0x0'!E59 -> RW | F31: ='Command register base=0x0'!F59 -> 0x1 | G31: res0的w | H31: ASITIS | I31: 0
A32: ='Command register base=0x0'!A76 -> des_res0_addr | B32: 32 | C32: =D32+B32-1 -> 191 | D32: =C31+1 -> 160 | E32: ='Command register base=0x0'!E76 -> RW | F32: ='Command register base=0x0'!F76 -> 0x0 | G32: res0起始地址 | H32: ASITIS | I32: 0
A33: ='Command register base=0x0'!A77 -> des_opd0_addr | B33: ='Command register base=0x0'!B77 -> 32 | C33: =D33+B33-1 -> 223 | D33: =C32+1 -> 192 | E33: ='Command register base=0x0'!E77 -> RW | F33: ='Command register base=0x0'!F77 -> 0x0 | G33: 如果des_opt_opd0_const为0, opd0起始地址 如果des_opt_opd0_const为1, opd0常数 | H33: ASITIS | I33: 0
A34: ='Command register base=0x0'!A78 -> des_opd1_addr | B34: ='Command register base=0x0'!B78 -> 32 | C34: =D34+B34-1 -> 255 | D34: =C33+1 -> 224 | E34: ='Command register base=0x0'!E78 -> RW | F34: ='Command register base=0x0'!F78 -> 0x0 | G34: 如果des_opt_opd1_const为0, opd1起始地址 如果des_opt_opd1_const为1, opd1常数 | H34: ASITIS | I34: 0
A35: ='Command register base=0x0'!A79 -> des_opd2_addr | B35: ='Command register base=0x0'!B79 -> 32 | C35: =D35+B35-1 -> 287 | D35: =C34+1 -> 256 | E35: ='Command register base=0x0'!E79 -> RW | F35: ='Command register base=0x0'!F79 -> 0x0 | G35: 如果des_opt_opd2_const为0, opd2起始地址 如果des_opt_opd2_const为1, opd2常数 如果指令操作类型是mac，且是定点运算, 则 des_opd2_addr[7:0]表示左移常数，des_opd2_addr[15:8]表示右移常数 | H35: ASITIS | I35: 0
A36: ='Command register base=0x0'!A68 -> des_res0_n_str | B36: 16 | C36: =D36+B36-1 -> 303 | D36: =C35+1 -> 288 | E36: ='Command register base=0x0'!E68 -> RW | F36: ='Command register base=0x0'!F68 -> 0x1 | G36: res0的n stride | H36: ASITIS | I36: 0
A37: ='Command register base=0x0'!A69 -> des_res0_c_str | B37: 16 | C37: =D37+B37-1 -> 319 | D37: =C36+1 -> 304 | E37: ='Command register base=0x0'!E69 -> RW | F37: ='Command register base=0x0'!F69 -> 0x1 | G37: res0的c stride | H37: ASITIS | I37: 0
A38: ='Command register base=0x0'!A70 -> des_opd0_n_str | B38: 16 | C38: =D38+B38-1 -> 335 | D38: =C37+1 -> 320 | E38: ='Command register base=0x0'!E70 -> RW | F38: ='Command register base=0x0'!F70 -> 0x1 | G38: opd0的n stride | H38: ASITIS | I38: 0
A39: ='Command register base=0x0'!A71 -> des_opd0_c_str | B39: 16 | C39: =D39+B39-1 -> 351 | D39: =C38+1 -> 336 | E39: ='Command register base=0x0'!E71 -> RW | F39: ='Command register base=0x0'!F71 -> 0x1 | G39: opd0的c stride | H39: ASITIS | I39: 0
A40: ='Command register base=0x0'!A72 -> des_opd1_n_str | B40: 16 | C40: =D40+B40-1 -> 367 | D40: =C39+1 -> 352 | E40: ='Command register base=0x0'!E72 -> RW | F40: ='Command register base=0x0'!F72 -> 0x1 | G40: opd1的n stride | H40: ASITIS | I40: 0
A41: ='Command register base=0x0'!A73 -> des_opd1_c_str | B41: 16 | C41: =D41+B41-1 -> 383 | D41: =C40+1 -> 368 | E41: ='Command register base=0x0'!E73 -> RW | F41: ='Command register base=0x0'!F73 -> 0x1 | G41: opd1的c stride | H41: ASITIS | I41: 0
A42: ='Command register base=0x0'!A80 -> des_res0_h_str | B42: 20 | C42: =D42+B42-1 -> 403 | D42: =C41+1 -> 384 | E42: ='Command register base=0x0'!E80 -> RW | F42: ='Command register base=0x0'!F80 -> 0x1 | G42: opd0的h stride res0_h_str[19:18] to res0_n_str[17:16] | H42: ASITIS | I42: 0
A43: ='Command register base=0x0'!A81 -> des_res0_w_str | B43: 20 | C43: =D43+B43-1 -> 423 | D43: =C42+1 -> 404 | E43: ='Command register base=0x0'!E81 -> RW | F43: ='Command register base=0x0'!F81 -> 0x1 | G43: opd0的w stride res0_w_str[19:18] to res0_c_str[17:16] | H43: ASITIS | I43: 0
A44: ='Command register base=0x0'!A82 -> des_opd0_h_str | B44: 20 | C44: =D44+B44-1 -> 443 | D44: =C43+1 -> 424 | E44: ='Command register base=0x0'!E82 -> RW | F44: ='Command register base=0x0'!F82 -> 0x1 | G44: opd0的h stride opd0_h_str[19:18] to opd0_n_str[17:16] | H44: ASITIS | I44: 0
A45: des_opt_opd2_sign | B45: 1 | C45: =D45+B45-1 -> 444 | D45: =C44+1 -> 444 | E45: RW | F45: 0x1 | G45: opd2_sign | H45: ASITIS | I45: 0
A46: des_rsvd2 | B46: 3 | C46: =D46+B46-1 -> 447 | D46: =C45+1 -> 445 | E46: RW | F46: 0x1 | G46: reserved0 | H46: 0 | I46: 0
A47: ='Command register base=0x0'!A83 -> des_opd0_w_str | B47: 20 | C47: =D47+B47-1 -> 467 | D47: =C46+1 -> 448 | E47: ='Command register base=0x0'!E83 -> RW | F47: ='Command register base=0x0'!F83 -> 0x1 | G47: opd0的w stride opd0_w_str[19:18] to opd0_c_str[17:16] | H47: ASITIS | I47: 0
A48: ='Command register base=0x0'!A84 -> des_opd1_h_str | B48: 20 | C48: =D48+B48-1 -> 487 | D48: =C47+1 -> 468 | E48: ='Command register base=0x0'!E84 -> RW | F48: ='Command register base=0x0'!F84 -> 0x1 | G48: opd1的h stride opd1_h_str[19:18] to opd1_n_str[17:16] | H48: ASITIS | I48: 0
A49: ='Command register base=0x0'!A85 -> des_opd1_w_str | B49: 20 | C49: =D49+B49-1 -> 507 | D49: =C48+1 -> 488 | E49: ='Command register base=0x0'!E85 -> RW | F49: ='Command register base=0x0'!F85 -> 0x1 | G49: opd1的w stride opd1_w_str[19:18] to opd1_c_str[17:16] | H49: ASITIS | I49: 0
A50: des_rsvd3 | B50: 4 | C50: =D50+B50-1 -> 511 | D50: =C49+1 -> 508 | E50: RW | F50: 0x1 | G50: reserved0 | H50: 0 | I50: 0

Sheet sRQ&sDQ
A1: field | B1: Length（bit） | C1: High（bit） | D1: Low（bit） | E1: RW | F1: Default | G1: descriptions | H1: conv_neuron opd0=image opd1=kernel opd2=bias opd3=shift res0=result | I1: Code
A2: ='Command register base=0x0'!A2 -> des_cmd_short | B2: ='Command register base=0x0'!B2 -> 1 | C2: =D2+B2-1 -> 0 | D2: 0 | E2: ='Command register base=0x0'!E2 -> RW | F2: ='Command register base=0x0'!F2 -> 0x0 | G2: 1: 256bit | H2: ASITIS | I2: 0
A3: des_sym_range | B3: 1 | C3: =D3+B3-1 -> 1 | D3: =C2+1 -> 1 | E3: RW | F3: 0x0 | G3: 是否做对称饱和 | H3: ASITIS | I3: 0
A4: ='Command register base=0x0'!A3 -> des_op_code | B4: 15 | C4: =D4+B4-1 -> 16 | D4: =C3+1 -> 2 | E4: ='Command register base=0x0'!E3 -> RW | F4: ='Command register base=0x0'!F3 -> 0x0 | G4: TPU命令ID 0不可用 | H4: ASITIS | I4: 0
A5: ='Command register base=0x0'!A4 -> des_cmd_id_dep | B5: ='Command register base=0x0'!B4 -> 23 | C5: =D5+B5-1 -> 39 | D5: =C4+1 -> 17 | E5: ='Command register base=0x0'!E4 -> RW | F5: ='Command register base=0x0'!F4 -> 0x0 | G5: Dependency CMD ID 等待des_cmd_id_en指定外部eng ID完成后, 方可执行本descriptor | H5: ASITIS | I5: 0
A6: ='Command register base=0x0'!A5 -> des_dbg_mode | B6: ='Command register base=0x0'!B5 -> 1 | C6: =D6+B6-1 -> 40 | D6: =C5+1 -> 40 | E6: ='Command register base=0x0'!E5 -> RW | F6: ='Command register base=0x0'!F5 -> 0x0 | G6: debug single_step des_mode | H6: ASITIS | I6: 0
A7: ='Command register base=0x0'!A6 -> des_tsk_typ | B7: ='Command register base=0x0'!B6 -> 4 | C7: =D7+B7-1 -> 44 | D7: =C6+1 -> 41 | E7: ='Command register base=0x0'!E6 -> RW | F7: ='Command register base=0x0'!F6 -> 0x0 | G7: 指令任务类型 4: RQ && DQ | H7: ASITIS | I7: 0
A8: ='Command register base=0x0'!A7 -> des_tsk_eu_typ | B8: ='Command register base=0x0'!B7 -> 5 | C8: =D8+B8-1 -> 49 | D8: =C7+1 -> 45 | E8: ='Command register base=0x0'!E7 -> RW | F8: ='Command register base=0x0'!F7 -> 0x0 | G8: 指令操作类型 0: RQ_0 1: RQ_1 3: DQ_0 4: DQ_1 others: not support | H8: ASITIS | I8: 0
A9: ='Command register base=0x0'!A20 -> des_opt_opd0_sign | B9: ='Command register base=0x0'!B20 -> 1 | C9: =D9+B9-1 -> 50 | D9: =C8+1 -> 50 | E9: ='Command register base=0x0'!E20 -> RW | F9: ='Command register base=0x0'!F20 -> 0x0 | G9: opd0数据类型是整数时，opd0是否为有符号数 0: 无符号数 1: 有符号数 | H9: ASITIS | I9: 0
A10: ='Command register base=0x0'!A22 -> des_opt_opd2_sign | B10: ='Command register base=0x0'!B22 -> 1 | C10: =D10+B10-1 -> 51 | D10: =C9+1 -> 51 | E10: ='Command register base=0x0'!E22 -> RW | F10: ='Command register base=0x0'!F22 -> 0x1 | G10: res0是否有符号数 | H10: ASITIS | I10: 0
A11: ='Command register base=0x0'!A23 -> des_opt_res0_prec | B11: ='Command register base=0x0'!B23 -> 3 | C11: =D11+B11-1 -> 54 | D11: =C10+1 -> 52 | E11: ='Command register base=0x0'!E23 -> RW | F11: ='Command register base=0x0'!F23 -> 0x2 | G11: res0数据类型 如果指令操作类型是RQ_0, RQ_1 0: INT8 3: INT16 6: INT4 如果指令操作类型是DQ_0, 2: FP32 如果指令操作类型是DQ_1 0: INT8 3: INT16 4: INT32 others: not support | H11: ASITIS | I11: 0
A12: des_rsvd0 | B12: 4 | C12: =D12+B12-1 -> 58 | D12: =C11+1 -> 55 | E12: ='Command register base=0x0'!E12 -> RW | F12: ='Command register base=0x0'!F12 -> 0x0 | G12: reserved0 | H12: 0 | I12: 2
A13: des_pwr_step | B13: ='Command register base=0x0'!B13 -> 4 | C13: =D13+B13-1 -> 62 | D13: =C12+1 -> 59 | E13: ='Command register base=0x0'!E13 -> RW | F13: ='Command register base=0x0'!F13 -> 0x0 | G13: power step | H13: ASITIS | I13: 0
A14: ='Command register base=0x0'!A28 -> des_opt_opd1_const | B14: ='Command register base=0x0'!B28 -> 1 | C14: =D14+B14-1 -> 63 | D14: =C13+1 -> 63 | E14: ='Command register base=0x0'!E28 -> RW | F14: ='Command register base=0x0'!F28 -> 0x0 | G14: opd1是否常数 others: not support | H14: ASITIS | I14: 0
A15: ='Command register base=0x0'!A24 -> des_opt_opd0_prec | B15: ='Command register base=0x0'!B24 -> 3 | C15: =D15+B15-1 -> 66 | D15: =C14+1 -> 64 | E15: ='Command register base=0x0'!E24 -> RW | F15: ='Command register base=0x0'!F24 -> 0x2 | G15: opd0数据类型 如果指令操作类型是RQ_0, RQ_1 0: INT8 3: INT16 4: INT32 如果指令操作类型是DQ_0, DQ_1 0: INT8 3: INT16 6: INT4 others: not support | H15: ASITIS | I15: 0
A16: ='Command register base=0x0'!A74 -> des_opd2_n_str | B16: 6 | C16: =D16+B16-1 -> 72 | D16: =C15+1 -> 67 | E16: ='Command register base=0x0'!E74 -> RW | F16: ='Command register base=0x0'!F74 -> 0x1 | G16: 如果指令操作类型是RQ_0 des_opd2_n_str[2:0] 0: round_to_even 1: half round up 2: round to zero 3: floor 4: ceil des_opd2_n_str[5:3] 0: round_to_even 1: half round up 2: round to zero 3: floor 4: ceil 如果指令操作类型是RQ_1, DQ_1 des_opd2_n_str[2:0] 0: round_to_even 1: half round up 2: round to zero 3: floor 4: ceil 5: round to nearest with Ties to Plus Infinity 6: round to nearest with Ties to Minus Infinity 如果指令操作类型是DQ_0 des_opd2_n_str[2:0] 0: round_to_even 1: half round up 2: round to zero 3: floor 4: ceil 5: round to nearest with Ties to Plus Infinity 6: round to nearest with Ties to Minus Infinity | H16: ASITIS | I16: 0
A17: des_rsvd1 | B17: 1 | C17: =D17+B17-1 -> 73 | D17: =C16+1 -> 73 | E17: RW | F17: 0x0 | G17: reserved0 | H17: 0 | I17: 2
A18: ='Command register base=0x0'!A76 -> des_res0_addr | B18: 26 | C18: =D18+B18-1 -> 99 | D18: =C17+1 -> 74 | E18: ='Command register base=0x0'!E76 -> RW | F18: ='Command register base=0x0'!F76 -> 0x0 | G18: res0起始地址 | H18: ASITIS | I18: 0
A19: ='Command register base=0x0'!A77 -> des_opd0_addr | B19: 27 | C19: =D19+B19-1 -> 126 | D19: =C18+1 -> 100 | E19: ='Command register base=0x0'!E77 -> RW | F19: ='Command register base=0x0'!F77 -> 0x0 | G19: opd0起始地址 | H19: ASITIS | I19: 0
A20: des_intr_en | B20: 1 | C20: =D20+B20-1 -> 127 | D20: =C19+1 -> 127 | E20: RW | F20: 0x0 | G20: 0: 该指令执行结束不发出intr 1: 该指令执行结束发出intr | H20: ASITIS | I20: 0
A21: ='Command register base=0x0'!A56 -> des_res0_n | B21: ='Command register base=0x0'!B56 -> 16 | C21: =D21+B21-1 -> 143 | D21: =C20+1 -> 128 | E21: ='Command register base=0x0'!E56 -> RW | F21: ='Command register base=0x0'!F56 -> 0x1 | G21: res0的n, 0无效 | H21: ASITIS | I21: 0
A22: ='Command register base=0x0'!A57 -> des_res0_c | B22: ='Command register base=0x0'!B57 -> 16 | C22: =D22+B22-1 -> 159 | D22: =C21+1 -> 144 | E22: ='Command register base=0x0'!E57 -> RW | F22: ='Command register base=0x0'!F57 -> 0x1 | G22: res0的c, 0无效 | H22: ASITIS | I22: 0
A23: ='Command register base=0x0'!A58 -> des_res0_h | B23: ='Command register base=0x0'!B58 -> 16 | C23: =D23+B23-1 -> 175 | D23: =C22+1 -> 160 | E23: ='Command register base=0x0'!E58 -> RW | F23: ='Command register base=0x0'!F58 -> 0x1 | G23: res0的h, 0无效 | H23: ASITIS | I23: 0
A24: ='Command register base=0x0'!A59 -> des_res0_w | B24: ='Command register base=0x0'!B59 -> 16 | C24: =D24+B24-1 -> 191 | D24: =C23+1 -> 176 | E24: ='Command register base=0x0'!E59 -> RW | F24: ='Command register base=0x0'!F59 -> 0x1 | G24: res0的w, 0无效 | H24: ASITIS | I24: 0
A25: ='Command register base=0x0'!A78 -> des_opd1_addr | B25: ='Command register base=0x0'!B78 -> 32 | C25: =D25+B25-1 -> 223 | D25: =C24+1 -> 192 | E25: ='Command register base=0x0'!E78 -> RW | F25: ='Command register base=0x0'!F78 -> 0x0 | G25: 如果des_opd1_const =0, 则opd1起始地址 如果des_opd1_const =1, 参见指令spec | H25: ASITIS | I25: 0
A26: ='Command register base=0x0'!A79 -> des_opd2_addr | B26: 32 | C26: =D26+B26-1 -> 255 | D26: =C25+1 -> 224 | E26: ='Command register base=0x0'!E79 -> RW | F26: ='Command register base=0x0'!F79 -> 0x0 | G26: 如果des_opd1_const =0, 则ignore 如果des_opd1_const =1, 参见指令spec | H26: ASITIS | I26: 0

Sheet sCW&sBC
A1: field | B1: Length（bit） | C1: High（bit） | D1: Low（bit） | E1: RW | F1: Default | G1: descriptions | H1: sRS opd0=src res0=result | I1: code
A2: ='Command register base=0x0'!A2 -> des_cmd_short | B2: ='Command register base=0x0'!B2 -> 1 | C2: =D2+B2-1 -> 0 | D2: 0 | E2: ='Command register base=0x0'!E2 -> RW | F2: ='Command register base=0x0'!F2 -> 0x0 | G2: 1: 256bit | H2: ASITIS | I2: 0
A3: ='Command register base=0x0'!A3 -> des_op_code | B3: ='Command register base=0x0'!B3 -> 16 | C3: =D3+B3-1 -> 16 | D3: =C2+1 -> 1 | E3: ='Command register base=0x0'!E3 -> RW | F3: ='Command register base=0x0'!F3 -> 0x0 | G3: TPU命令ID 0不可用 | H3: ASITIS | I3: 0
A4: ='Command register base=0x0'!A4 -> des_cmd_id_dep | B4: ='Command register base=0x0'!B4 -> 23 | C4: =D4+B4-1 -> 39 | D4: =C3+1 -> 17 | E4: ='Command register base=0x0'!E4 -> RW | F4: ='Command register base=0x0'!F4 -> 0x0 | G4: Dependency CMD ID 等待des_cmd_id_en指定外部eng ID完成后, 方可执行本descriptor | H4: ASITIS | I4: 0
A5: ='Command register base=0x0'!A5 -> des_dbg_mode | B5: ='Command register base=0x0'!B5 -> 1 | C5: =D5+B5-1 -> 40 | D5: =C4+1 -> 40 | E5: ='Command register base=0x0'!E5 -> RW | F5: ='Command register base=0x0'!F5 -> 0x0 | G5: debug single_step des_mode | H5: ASITIS | I5: 0
A6: ='Command register base=0x0'!A6 -> des_tsk_typ | B6: ='Command register base=0x0'!B6 -> 4 | C6: =D6+B6-1 -> 44 | D6: =C5+1 -> 41 | E6: ='Command register base=0x0'!E6 -> RW | F6: ='Command register base=0x0'!F6 -> 0x0 | G6: 指令任务类型 5: TRAN & BC | H6: ASITIS | I6: 0
A7: ='Command register base=0x0'!A7 -> des_tsk_eu_typ | B7: ='Command register base=0x0'!B7 -> 5 | C7: =D7+B7-1 -> 49 | D7: =C6+1 -> 45 | E7: ='Command register base=0x0'!E7 -> RW | F7: ='Command register base=0x0'!F7 -> 0x0 | G7: 指令操作类型 0: C_W_transpose 1: W_C_transpose 2: lane_copy 3: lane_broad 4: static_broad 5: static_distribute | H7: ASITIS | I7: 0
A8: ='Command register base=0x0'!A23 -> des_opt_res0_prec | B8: ='Command register base=0x0'!B23 -> 3 | C8: =D8+B8-1 -> 52 | D8: =C7+1 -> 50 | E8: ='Command register base=0x0'!E23 -> RW | F8: ='Command register base=0x0'!F23 -> 0x2 | G8: res0数据类型 0: INT8 1: FP16 2: FP32 3: INT16 4: INT32 5: BFP16 others: not support | H8: ASITIS | I8: 0
A9: des_rsvd0 | B9: 6 | C9: =D9+B9-1 -> 58 | D9: =C8+1 -> 53 | E9: ='Command register base=0x0'!E76 -> RW | F9: ='Command register base=0x0'!F76 -> 0x0 | G9: reserved0 | H9: 0 | I9: 2
A10: des_pwr_step | B10: ='Command register base=0x0'!B13 -> 4 | C10: =D10+B10-1 -> 62 | D10: =C9+1 -> 59 | E10: ='Command register base=0x0'!E13 -> RW | F10: ='Command register base=0x0'!F13 -> 0x0 | G10: power step | H10: ASITIS | I10: 0
A11: des_intr_en | B11: 1 | C11: =D11+B11-1 -> 63 | D11: =C10+1 -> 63 | E11: ='Command register base=0x0'!E79 -> RW | F11: ='Command register base=0x0'!F79 -> 0x0 | G11: 0: 该指令执行结束不发出intr 1: 该指令执行结束发出intr | H11: ASITIS | I11: 0
A12: ='Command register base=0x0'!A56 -> des_res0_n | B12: ='Command register base=0x0'!B56 -> 16 | C12: =D12+B12-1 -> 79 | D12: =C11+1 -> 64 | E12: ='Command register base=0x0'!E56 -> RW | F12: ='Command register base=0x0'!F56 -> 0x1 | G12: res0的n, 0无效 如果指令操作类型是static_broad, static_distribute, 则， des_res0_n = 1 | H12: ASITIS | I12: 0
A13: ='Command register base=0x0'!A57 -> des_res0_c | B13: ='Command register base=0x0'!B57 -> 16 | C13: =D13+B13-1 -> 95 | D13: =C12+1 -> 80 | E13: ='Command register base=0x0'!E57 -> RW | F13: ='Command register base=0x0'!F57 -> 0x1 | G13: res0的c, 0无效 | H13: ASITIS | I13: 0
A14: ='Command register base=0x0'!A58 -> des_res0_h | B14: ='Command register base=0x0'!B58 -> 16 | C14: =D14+B14-1 -> 111 | D14: =C13+1 -> 96 | E14: ='Command register base=0x0'!E58 -> RW | F14: ='Command register base=0x0'!F58 -> 0x1 | G14: res0的h, 0无效 如果指令操作类型是static_braod, static_distribute, 则， des_res0_h = 1 | H14: ASITIS | I14: 0
A15: ='Command register base=0x0'!A59 -> des_res0_w | B15: ='Command register base=0x0'!B59 -> 16 | C15: =D15+B15-1 -> 127 | D15: =C14+1 -> 112 | E15: ='Command register base=0x0'!E59 -> RW | F15: ='Command register base=0x0'!F59 -> 0x1 | G15: res0的w, 0无效 如果指令操作类型是static_distribute, 则 des_res0_w = 1 | H15: ASITIS | I15: 0
A16: des_opd0_c | B16: 16 | C16: =D16+B16-1 -> 143 | D16: =C15+1 -> 128 | E16: ='Command register base=0x0'!E18 -> RW | F16: ='Command register base=0x0'!F18 -> 0x0 | G16: opd0的c 如果指令操作类型是lane_broad, 则 des_opd0_c = 1 | H16: ASITIS | I16: 0
A17: des_opd0_w | B17: 16 | C17: =D17+B17-1 -> 159 | D17: =C16+1 -> 144 | E17: ='Command register base=0x0'!E19 -> RW | F17: ='Command register base=0x0'!F19 -> 0x0 | G17: opd0的w | H17: ASITIS | I17: 0
A18: des_rsvd1 | B18: 32 | C18: =D18+B18-1 -> 191 | D18: =C17+1 -> 160 | E18: ='[1]Command register base=0x0'!E14 -> RW | F18: 0x1 | G18: reserved0 | H18: 0 | I18: 2
A19: ='Command register base=0x0'!A76 -> des_res0_addr | B19: 32 | C19: =D19+B19-1 -> 223 | D19: =C18+1 -> 192 | E19: ='Command register base=0x0'!E76 -> RW | F19: ='Command register base=0x0'!F76 -> 0x0 | G19: res0起始地址 | H19: ASITIS | I19: 0
A20: des_opd0_addr | B20: ='Command register base=0x0'!B77 -> 32 | C20: =D20+B20-1 -> 255 | D20: =C19+1 -> 224 | E20: ='Command register base=0x0'!E77 -> RW | F20: ='Command register base=0x0'!F77 -> 0x0 | G20: opd0起始地址 如果指令操作类型是static_broad, static_distribute, 则 opd0指向static mem地址 | H20: ASITIS | I20: 0

Sheet sSG
A1: field | B1: Length（bit） | C1: High（bit） | D1: Low（bit） | E1: RW | F1: Default | G1: descriptions | H1: tensor | I1: code
A2: ='Command register base=0x0'!A2 -> des_cmd_short | B2: ='Command register base=0x0'!B2 -> 1 | C2: =D2+B2-1 -> 0 | D2: 0 | E2: ='Command register base=0x0'!E2 -> RW | F2: ='Command register base=0x0'!F2 -> 0x0 | G2: 1: 384bit | H2: ASITIS | I2: 0
A3: ='Command register base=0x0'!A3 -> des_op_code | B3: ='Command register base=0x0'!B3 -> 16 | C3: =D3+B3-1 -> 16 | D3: =C2+1 -> 1 | E3: ='Command register base=0x0'!E3 -> RW | F3: ='Command register base=0x0'!F3 -> 0x0 | G3: TPU命令ID 0不可用 | H3: ASITIS | I3: 0
A4: ='Command register base=0x0'!A4 -> des_cmd_id_dep | B4: ='Command register base=0x0'!B4 -> 23 | C4: =D4+B4-1 -> 39 | D4: =C3+1 -> 17 | E4: ='Command register base=0x0'!E4 -> RW | F4: ='Command register base=0x0'!F4 -> 0x0 | G4: Dependency CMD ID 等待des_cmd_id_en指定外部eng ID完成后, 方可执行本descriptor | H4: ASITIS | I4: 0
A5: ='Command register base=0x0'!A5 -> des_dbg_mode | B5: ='Command register base=0x0'!B5 -> 1 | C5: =D5+B5-1 -> 40 | D5: =C4+1 -> 40 | E5: ='Command register base=0x0'!E5 -> RW | F5: ='Command register base=0x0'!F5 -> 0x0 | G5: debug single_step des_mode | H5: ASITIS | I5: 0
A6: ='Command register base=0x0'!A6 -> des_tsk_typ | B6: ='Command register base=0x0'!B6 -> 4 | C6: =D6+B6-1 -> 44 | D6: =C5+1 -> 41 | E6: ='Command register base=0x0'!E6 -> RW | F6: ='Command register base=0x0'!F6 -> 0x0 | G6: 指令任务类型 6: scatter_gather | H6: ASITIS | I6: 0
A7: ='Command register base=0x0'!A7 -> des_tsk_eu_typ | B7: ='Command register base=0x0'!B7 -> 5 | C7: =D7+B7-1 -> 49 | D7: =C6+1 -> 45 | E7: ='Command register base=0x0'!E7 -> RW | F7: ='Command register base=0x0'!F7 -> 0x0 | G7: 指令操作类型 0: PL_gather_d1coor 1: PL_gather_d2coor 2: PL_gather_rec [N] 3: PL_scatter_d1coor 4: PL_scatter_d2coor 5: PE_S_gather_d1coor 6: PE_S_scatter_d1coor 7: PE_M_gather_d1coor [N] 8: PE_S_mask_select 9: PE_S_nonzero 10: PE_S_scatter_pp_d1coor [N] 13: PE_S_gather_hzd 14: PE_S_scatter_hzd 15: PE_S_mask_selhzd 16: PE_S_nonzero_hzd others: not support | H7: ASITIS | I7: 0
A8: des_opt_opd3_const | B8: 1 | C8: =D8+B8-1 -> 50 | D8: =C7+1 -> 50 | E8: RW | F8: 0x0 | G8: limit enable | H8: ASITIS | I8: 0
A9: des_intr_en | B9: 1 | C9: =D9+B9-1 -> 51 | D9: =C8+1 -> 51 | E9: RW | F9: 0x0 | G9: 0: 该指令执行结束不发出intr 1: 该指令执行结束发出intr | H9: ASITIS | I9: 0
A10: ='Command register base=0x0'!A31 -> des_short_opd0_str | B10: ='Command register base=0x0'!B31 -> 3 | C10: =D10+B10-1 -> 54 | D10: =C9+1 -> 52 | E10: ='Command register base=0x0'!E31 -> RW | F10: ='Command register base=0x0'!F31 -> 0x0 | G10: opd0数据存储格式 如果指令操作类型是PL_gather_d1coor, PL_gather_d2coor, PL_gather_rec, PL_scatter_d1coor, PL_scatter_d2coor, PE_S_nonzero, PL_gather_perw, PL_scatter_perw, 则 0: 对齐 如果指令操作类型是PE_S_gather_d1coor, PE_S_scatter_d1coor, PE_S_mask_select, PE_S_gather_hzd, PE_S_scatter_hzd, PE_S_mask_selhzd, 则 0: 对齐 4: tensor格式 W_STRIDE=1 H_STRIDE=EU_NUM*roundup(W/EU_NUM) C_STRIDE=0 N_STRIDE=0 如果指令操作类型是PE_M_gather_d1coor则 3: tensor W_STRIDE=1 H_STRIDE = des_opd0_w C_STRIDE = macro_opd0_000_str N_STRIDE = 2*BANK_SIZE*8/BWIDTH 4: tensor格式 W_STRIDE=1 H_STRIDE=EU_NUM*roundup(W/EU_NUM) C_STRIDE=0 N_STRIDE=0 others: not support | H10: ASITIS | I10: 0
A11: des_rsvd0 | B11: 4 | C11: =D11+B11-1 -> 58 | D11: =C10+1 -> 55 | E11: ='Command register base=0x0'!E12 -> RW | F11: ='Command register base=0x0'!F12 -> 0x0 | G11: reserved0 | H11: 0 | I11: 2
A12: ='Command register base=0x0'!A13 -> des_pwr_step | B12: ='Command register base=0x0'!B13 -> 4 | C12: =D12+B12-1 -> 62 | D12: =C11+1 -> 59 | E12: ='Command register base=0x0'!E13 -> RW | F12: ='Command register base=0x0'!F13 -> 0x0 | G12: power step | H12: ASITIS | I12: 0
A13: ='Command register base=0x0'!A29 -> des_opt_opd2_const | B13: ='Command register base=0x0'!B29 -> 1 | C13: =D13+B13-1 -> 63 | D13: =C12+1 -> 63 | E13: ='Command register base=0x0'!E29 -> RW | F13: ='Command register base=0x0'!F29 -> 0x0 | G13: opd2是否常数, 如果是常数的话, 其值在des_opd2_addr中 0: 不使用常数填充 1: 常数，使用des_opd2_addr的值填充 | H13: ASITIS | I13: 0
A14: ='Command register base=0x0'!A56 -> des_res0_n | B14: ='Command register base=0x0'!B56 -> 16 | C14: =D14+B14-1 -> 79 | D14: =C13+1 -> 64 | E14: ='Command register base=0x0'!E56 -> RW | F14: ='Command register base=0x0'!F56 -> 0x1 | G14: 如果指令操作类型是PL_gather_d1coor, PL_gather_d2coor, PL_scatter_d1coor, PL_scatter_d2coor, PE_S_gather_d1coor, PE_S_scatter_d1coor, PL_gather_rec, PE_S_mask_select, PE_S_nonzero, PL_gather_perw, PL_scatter_perw, PE_S_gather_hzd, PE_S_scatter_hzd, PE_S_mask_selhzd, PE_S_nonzero_hzd则 res0的n 如果指令操作类型是PE_M_gather_d1coor, 则 1 | H14: ASITIS | I14: 0
A15: ='Command register base=0x0'!A57 -> des_res0_c | B15: ='Command register base=0x0'!B57 -> 16 | C15: =D15+B15-1 -> 95 | D15: =C14+1 -> 80 | E15: ='Command register base=0x0'!E57 -> RW | F15: ='Command register base=0x0'!F57 -> 0x1 | G15: res0的c | H15: ASITIS | I15: 0
A16: ='Command register base=0x0'!A58 -> des_res0_h | B16: ='Command register base=0x0'!B58 -> 16 | C16: =D16+B16-1 -> 111 | D16: =C15+1 -> 96 | E16: ='Command register base=0x0'!E58 -> RW | F16: ='Command register base=0x0'!F58 -> 0x1 | G16: 如果指令操作类型是PL_gather_d2coor, PL_scatter_d2coor, PL_gather_rec则 des_res0_h 如果指令操作类型是PL_gather_d1coor, PE_S_gather_d1coor, PE_S_gather_d1coor, PL_scatter_d1coor, PE_S_scatter_d1coor, PE_M_gather_d1coor, PE_S_mask_select, PE_S_nonzero 则 1 | H16: ASITIS | I16: 0
A17: ='Command register base=0x0'!A59 -> des_res0_w | B17: ='Command register base=0x0'!B59 -> 16 | C17: =D17+B17-1 -> 127 | D17: =C16+1 -> 112 | E17: ='Command register base=0x0'!E59 -> RW | F17: ='Command register base=0x0'!F59 -> 0x1 | G17: res0的w | H17: ASITIS | I17: 0
A18: ='Command register base=0x0'!A62 -> des_opd0_h | B18: ='Command register base=0x0'!B62 -> 16 | C18: =D18+B18-1 -> 143 | D18: =C17+1 -> 128 | E18: ='Command register base=0x0'!E62 -> RW | F18: ='Command register base=0x0'!F62 -> 0x1 | G18: 如果指令操作类型是PL_gather_d1coor, PE_S_gather_d1coor, PE_S_scatter_d1coor, PE_M_gather_d1coor, PE_S_mask_select, PE_S_nonzero, PE_S_gaher_hzd, PE_S_scatter_hzd, PE_S_mask_selhzd, PE_S_nonzero_hzd则 1 如果指令操作类型是PL_gather_d2coor, PL_scatter_d1coor, PL_scatter_d2coor, 则 des_opd0_h | H18: ASITIS | I18: 0
A19: ='Command register base=0x0'!A63 -> des_opd0_w | B19: ='Command register base=0x0'!B63 -> 16 | C19: =D19+B19-1 -> 159 | D19: =C18+1 -> 144 | E19: ='Command register base=0x0'!E63 -> RW | F19: ='Command register base=0x0'!F63 -> 0x1 | G19: opd0的w | H19: ASITIS | I19: 0
A20: ='Command register base=0x0'!A65 -> des_opd1_c | B20: ='Command register base=0x0'!B65 -> 16 | C20: =D20+B20-1 -> 175 | D20: =C19+1 -> 160 | E20: ='Command register base=0x0'!E65 -> RW | F20: ='Command register base=0x0'!F65 -> 0x1 | G20: opd1的c | H20: ASITIS | I20: 0
A21: ='Command register base=0x0'!A67 -> des_opd1_w | B21: ='Command register base=0x0'!B67 -> 16 | C21: =D21+B21-1 -> 191 | D21: =C20+1 -> 176 | E21: ='Command register base=0x0'!E67 -> RW | F21: ='Command register base=0x0'!F67 -> 0x1 | G21: opd1的w 如果指令操作类型是PL_gather_d1coor, PL_gather_d2coor, PL_gahter_rec, PL_scatter_d1coor, PL_scatter_d2coor, 则 1 如果指令操作类型是PE_S_gahter_d1coor, PE_S_scatter_d1coor, PE_M_gather_d1coor, PE_S_mask_select, PL_gather_perw, PL_scatter_perw, PE_S_gather_hzd, PE_S_scatter_hzd, PE_S_mask_selhzd, PE_S_nonzero_hzd则 des_opd1_w | H21: ASITIS | I21: 0
A22: des_opt_res0_prec | B22: 3 | C22: =D22+B22-1 -> 194 | D22: =C21+1 -> 192 | E22: ='Command register base=0x0'!E75 -> RW | F22: ='Command register base=0x0'!F75 -> 0x1 | G22: res0数据类型 | H22: ASITIS | I22: 0
A23: ='Command register base=0x0'!A76 -> des_res0_addr | B23: 29 | C23: =D23+B23-1 -> 223 | D23: =C22+1 -> 195 | E23: ='Command register base=0x0'!E76 -> RW | F23: ='Command register base=0x0'!F76 -> 0x0 | G23: res0起始地址 | H23: ASITIS | I23: 0
A24: des_opt_opd0_prec | B24: 3 | C24: =D24+B24-1 -> 226 | D24: =C23+1 -> 224 | E24: ='Command register base=0x0'!E77 -> RW | F24: ='Command register base=0x0'!F77 -> 0x0 | G24: opd0数据类型 | H24: ASITIS | I24: 0
A25: ='Command register base=0x0'!A77 -> des_opd0_addr | B25: 29 | C25: =D25+B25-1 -> 255 | D25: =C24+1 -> 227 | E25: ='Command register base=0x0'!E77 -> RW | F25: ='Command register base=0x0'!F77 -> 0x0 | G25: opd0起始地址 | H25: ASITIS | I25: 0
A26: des_opt_opd1_prec | B26: 3 | C26: =D26+B26-1 -> 258 | D26: =C25+1 -> 256 | E26: ='Command register base=0x0'!E79 -> RW | F26: ='Command register base=0x0'!F79 -> 0x0 | G26: opd1数据类型 | H26: ASITIS | I26: 0
A27: ='Command register base=0x0'!A78 -> des_opd1_addr | B27: 29 | C27: =D27+B27-1 -> 287 | D27: =C26+1 -> 259 | E27: ='Command register base=0x0'!E78 -> RW | F27: ='Command register base=0x0'!F78 -> 0x0 | G27: opd1起始地址 | H27: ASITIS | I27: 0
A28: ='Command register base=0x0'!A79 -> des_opd2_addr | B28: ='Command register base=0x0'!B79 -> 32 | C28: =D28+B28-1 -> 319 | D28: =C27+1 -> 288 | E28: ='Command register base=0x0'!E79 -> RW | F28: ='Command register base=0x0'!F79 -> 0x0 | G28: des_opt_opd2_const为1, opd2常数 | H28: ASITIS | I28: 0
A29: des_res1_addr | B29: 32 | C29: =D29+B29-1 -> 351 | D29: =C28+1 -> 320 | E29: RW | F29: 0x1 | G29: res1地址， 如果指令操作类型为PE_S_mask_select, PE_S_nonzero用于存储不为0的mask数量 | H29: ASITIS | I29: 0
A30: des_opd3_addr | B30: 32 | C30: =D30+B30-1 -> 383 | D30: =C29+1 -> 352 | E30: ='Command register base=0x0'!E84 -> RW | F30: ='Command register base=0x0'!F84 -> 0x1 | G30: 如果指令操作类型是PL_gather_rec, 则{KH, KW} | H30: ASITIS | I30: 0

Sheet sSGL
A1: field | B1: Length（bit） | C1: High（bit） | D1: Low（bit） | E1: RW | F1: Default | G1: descriptions | H1: tensor | I1: code
A2: ='Command register base=0x0'!A2 -> des_cmd_short | B2: ='Command register base=0x0'!B2 -> 1 | C2: =B2+D2-1 -> 0 | D2: 0 | E2: ='Command register base=0x0'!E2 -> RW | F2: ='Command register base=0x0'!F2 -> 0x0 | G2: 1: 384bit | H2: ASITIS | I2: 0
A3: ='Command register base=0x0'!A3 -> des_op_code | B3: ='Command register base=0x0'!B3 -> 16 | C3: =B3+D3-1 -> 16 | D3: =C2+1 -> 1 | E3: ='Command register base=0x0'!E3 -> RW | F3: ='Command register base=0x0'!F3 -> 0x0 | G3: TPU命令ID 0不可用 | H3: ASITIS | I3: 0
A4: ='Command register base=0x0'!A4 -> des_cmd_id_dep | B4: ='Command register base=0x0'!B4 -> 23 | C4: =B4+D4-1 -> 39 | D4: =C3+1 -> 17 | E4: ='Command register base=0x0'!E4 -> RW | F4: ='Command register base=0x0'!F4 -> 0x0 | G4: Dependency CMD ID 等待des_cmd_id_en指定外部eng ID完成后, 方可执行本descriptor | H4: ASITIS | I4: 0
A5: ='Command register base=0x0'!A5 -> des_dbg_mode | B5: ='Command register base=0x0'!B5 -> 1 | C5: =B5+D5-1 -> 40 | D5: =C4+1 -> 40 | E5: ='Command register base=0x0'!E5 -> RW | F5: ='Command register base=0x0'!F5 -> 0x0 | G5: debug single_step des_mode | H5: ASITIS | I5: 0
A6: ='Command register base=0x0'!A6 -> des_tsk_typ | B6: ='Command register base=0x0'!B6 -> 4 | C6: =B6+D6-1 -> 44 | D6: =C5+1 -> 41 | E6: ='Command register base=0x0'!E6 -> RW | F6: ='Command register base=0x0'!F6 -> 0x0 | G6: 指令任务类型 6: scatter_gather_line | H6: ASITIS | I6: 0
A7: ='Command register base=0x0'!A7 -> des_tsk_eu_typ | B7: ='Command register base=0x0'!B7 -> 5 | C7: =B7+D7-1 -> 49 | D7: =C6+1 -> 45 | E7: ='Command register base=0x0'!E7 -> RW | F7: ='Command register base=0x0'!F7 -> 0x0 | G7: 指令操作类型 17: PE_S_gather_line 18: PE_S_scatter_line others: not support | H7: ASITIS | I7: 0
A8: des_rsvd0 | B8: 3 | C8: =B8+D8-1 -> 52 | D8: =C7+1 -> 50 | E8: RW | F8: 0x0 | G8: reserved0 | H8: 0 | I8: 2
A9: des_opt_opd3_const | B9: 1 | C9: =B9+D9-1 -> 53 | D9: =C8+1 -> 53 | E9: RW | F9: 0x0 | G9: limit enable | H9: ASITIS | I9: 0
A10: des_intr_en | B10: 1 | C10: =B10+D10-1 -> 54 | D10: =C9+1 -> 54 | E10: RW | F10: 0x0 | G10: 0: 该指令执行结束不发出intr 1: 该指令执行结束发出intr | H10: ASITIS | I10: 0
A11: des_rsvd1 | B11: 4 | C11: =B11+D11-1 -> 58 | D11: =C10+1 -> 55 | E11: ='Command register base=0x0'!E12 -> RW | F11: ='Command register base=0x0'!F12 -> 0x0 | G11: reserved0 | H11: 0 | I11: 2
A12: ='Command register base=0x0'!A13 -> des_pwr_step | B12: 4 | C12: =B12+D12-1 -> 62 | D12: =C11+1 -> 59 | E12: ='Command register base=0x0'!E13 -> RW | F12: ='Command register base=0x0'!F13 -> 0x0 | G12: power step | H12: ASITIS | I12: 0
A13: ='Command register base=0x0'!A29 -> des_opt_opd2_const | B13: ='Command register base=0x0'!B29 -> 1 | C13: =B13+D13-1 -> 63 | D13: =C12+1 -> 63 | E13: ='Command register base=0x0'!E29 -> RW | F13: ='Command register base=0x0'!F29 -> 0x0 | G13: opd2是否常数, 如果是常数的话, 其值在des_opd2_addr中 0: 不使用常数填充 1: 常数，使用des_opd2_addr的值填充 | H13: ASITIS | I13: 0
A14: ='Command register base=0x0'!A23 -> des_opt_res0_prec | B14: ='Command register base=0x0'!B23 -> 3 | C14: =B14+D14-1 -> 66 | D14: =C13+1 -> 64 | E14: ='Command register base=0x0'!E23 -> RW | F14: ='Command register base=0x0'!F23 -> 0x2 | G14: res0数据类型 0: INT8 1: FP16 2: FP32 3: INT16 4: INT32 5: BFP16 others: not support | H14: ASITIS | I14: 0
A15: ='Command register base=0x0'!A25 -> des_opt_opd1_prec | B15: ='Command register base=0x0'!B25 -> 3 | C15: =B15+D15-1 -> 69 | D15: =C14+1 -> 67 | E15: ='Command register base=0x0'!E25 -> RW | F15: ='Command register base=0x0'!F25 -> 0x2 | G15: opd1数据类型 如果指令操作类型是PE_S_mask_seline 则 0: INT8 1: INT16 2: INT32 此外 0: INT8 3: INT16 others: not support | H15: ASITIS | I15: 0
A16: des_short_opd0_str | B16: 3 | C16: =B16+D16-1 -> 72 | D16: =C15+1 -> 70 | E16: RW | F16: 0x0 | G16: opd0数据存储格式 3: tensor格式, 即 W_STRIDE=1 H_STRIDE=EU_NUM*roundup(W/EU_NUM) C_STRIDE=H*H_STRIDE N_STRIDE=C_STRIDE*roundup(C+C_START/LANE_NUM) 4: tensor格式 W_STRIDE=1 H_STRIDE=EU_NUM*roundup(W/EU_NUM) C_STRIDE=0 N_STRIDE=0 others: not support | H16: ASITIS | I16: 0
A17: des_rsvd2 | B17: 7 | C17: =B17+D17-1 -> 79 | D17: =C16+1 -> 73 | E17: RW | F17: 0x0 | G17: reserved0 | H17: 0 | I17: 2
A18: ='Command register base=0x0'!A56 -> des_res0_n | B18: ='Command register base=0x0'!B56 -> 16 | C18: =B18+D18-1 -> 95 | D18: =C17+1 -> 80 | E18: ='Command register base=0x0'!E56 -> RW | F18: ='Command register base=0x0'!F56 -> 0x1 | G18: res0的n | H18: ASITIS | I18: 0
A19: ='Command register base=0x0'!A57 -> des_res0_c | B19: ='Command register base=0x0'!B57 -> 16 | C19: =B19+D19-1 -> 111 | D19: =C18+1 -> 96 | E19: ='Command register base=0x0'!E57 -> RW | F19: ='Command register base=0x0'!F57 -> 0x1 | G19: res0的c | H19: ASITIS | I19: 0
A20: ='Command register base=0x0'!A58 -> des_res0_h | B20: ='Command register base=0x0'!B58 -> 16 | C20: =B20+D20-1 -> 127 | D20: =C19+1 -> 112 | E20: ='Command register base=0x0'!E58 -> RW | F20: ='Command register base=0x0'!F58 -> 0x1 | G20: res0的h | H20: ASITIS | I20: 0
A21: ='Command register base=0x0'!A59 -> des_res0_w | B21: ='Command register base=0x0'!B59 -> 16 | C21: =B21+D21-1 -> 143 | D21: =C20+1 -> 128 | E21: ='Command register base=0x0'!E59 -> RW | F21: ='Command register base=0x0'!F59 -> 0x1 | G21: res0的w | H21: ASITIS | I21: 0
A22: ='Command register base=0x0'!A62 -> des_opd0_h | B22: ='Command register base=0x0'!B62 -> 16 | C22: =B22+D22-1 -> 159 | D22: =C21+1 -> 144 | E22: ='Command register base=0x0'!E62 -> RW | F22: ='Command register base=0x0'!F62 -> 0x1 | G22: opd0的h | H22: ASITIS | I22: 0
A23: ='Command register base=0x0'!A76 -> des_res0_addr | B23: 32 | C23: =B23+D23-1 -> 191 | D23: =C22+1 -> 160 | E23: ='Command register base=0x0'!E76 -> RW | F23: ='Command register base=0x0'!F76 -> 0x0 | G23: res0起始地址 | H23: ASITIS | I23: 0
A24: ='Command register base=0x0'!A77 -> des_opd0_addr | B24: 32 | C24: =B24+D24-1 -> 223 | D24: =C23+1 -> 192 | E24: ='Command register base=0x0'!E77 -> RW | F24: ='Command register base=0x0'!F77 -> 0x0 | G24: opd0起始地址 | H24: ASITIS | I24: 0
A25: ='Command register base=0x0'!A78 -> des_opd1_addr | B25: 32 | C25: =B25+D25-1 -> 255 | D25: =C24+1 -> 224 | E25: ='Command register base=0x0'!E78 -> RW | F25: ='Command register base=0x0'!F78 -> 0x0 | G25: opd1起始地址 | H25: ASITIS | I25: 0
A26: ='Command register base=0x0'!A79 -> des_opd2_addr | B26: ='Command register base=0x0'!B79 -> 32 | C26: =B26+D26-1 -> 287 | D26: =C25+1 -> 256 | E26: ='Command register base=0x0'!E79 -> RW | F26: ='Command register base=0x0'!F79 -> 0x0 | G26: des_opt_opd2_const为1, opd2常数 | H26: ASITIS | I26: 0
A27: des_res1_addr | B27: ='Command register base=0x0'!B80 -> 32 | C27: =B27+D27-1 -> 319 | D27: =C26+1 -> 288 | E27: ='Command register base=0x0'!E80 -> RW | F27: ='Command register base=0x0'!F80 -> 0x1 | G27: res1地址 如果指令操作类型为PE_S_mask_seline用于存储不为0的mask数量 | H27: ASITIS | I27: 0
A28: des_rsvd3 | B28: 64 | C28: =B28+D28-1 -> 383 | D28: =C27+1 -> 320 | E28: RW | F28: 0x0 | G28: reserved0 | H28: 0 | I28: 2

Sheet sRAND
A1: field | B1: Length（bit） | C1: High（bit） | D1: Low（bit） | E1: RW | F1: Default | G1: descriptions | H1: tensor | I1: code
A2: ='Command register base=0x0'!A2 -> des_cmd_short | B2: ='Command register base=0x0'!B2 -> 1 | C2: =D2+B2-1 -> 0 | D2: 0 | E2: ='Command register base=0x0'!E2 -> RW | F2: ='Command register base=0x0'!F2 -> 0x0 | G2: 1: 384bit | H2: ASITIS | I2: 0
A3: ='Command register base=0x0'!A3 -> des_op_code | B3: ='Command register base=0x0'!B3 -> 16 | C3: =D3+B3-1 -> 16 | D3: =C2+1 -> 1 | E3: ='Command register base=0x0'!E3 -> RW | F3: ='Command register base=0x0'!F3 -> 0x0 | G3: TPU命令ID 0不可用 | H3: ASITIS | I3: 0
A4: ='Command register base=0x0'!A4 -> des_cmd_id_dep | B4: ='Command register base=0x0'!B4 -> 23 | C4: =D4+B4-1 -> 39 | D4: =C3+1 -> 17 | E4: ='Command register base=0x0'!E4 -> RW | F4: ='Command register base=0x0'!F4 -> 0x0 | G4: Dependency CMD ID 等待des_cmd_id_en指定外部eng ID完成后, 方可执行本descriptor | H4: ASITIS | I4: 0
A5: ='Command register base=0x0'!A5 -> des_dbg_mode | B5: ='Command register base=0x0'!B5 -> 1 | C5: =D5+B5-1 -> 40 | D5: =C4+1 -> 40 | E5: ='Command register base=0x0'!E5 -> RW | F5: ='Command register base=0x0'!F5 -> 0x0 | G5: debug single_step des_mode | H5: ASITIS | I5: 0
A6: ='Command register base=0x0'!A6 -> des_tsk_typ | B6: ='Command register base=0x0'!B6 -> 4 | C6: =D6+B6-1 -> 44 | D6: =C5+1 -> 41 | E6: ='Command register base=0x0'!E6 -> RW | F6: ='Command register base=0x0'!F6 -> 0x0 | G6: 指令任务类型 8: rand_gen | H6: ASITIS | I6: 0
A7: ='Command register base=0x0'!A7 -> des_tsk_eu_typ | B7: ='Command register base=0x0'!B7 -> 5 | C7: =D7+B7-1 -> 49 | D7: =C6+1 -> 45 | E7: ='Command register base=0x0'!E7 -> RW | F7: ='Command register base=0x0'!F7 -> 0x0 | G7: 指令操作类型 0: prng 1:prng with intial seed 2:prng with loaded states others: not supported | H7: ASITIS | I7: 0
A8: des_pwr_step | B8: 4 | C8: =D8+B8-1 -> 53 | D8: =C7+1 -> 50 | E8: RW | F8: 0x0 | G8: power step | H8: ASITIS | I8: 0
A9: des_intr_en | B9: 1 | C9: =D9+B9-1 -> 54 | D9: =C8+1 -> 54 | E9: RW | F9: 0x0 | G9: 0: 该指令执行结束不发出intr 1: 该指令执行结束发出intr | H9: ASITIS | I9: 0
A10: des_opt_res_add | B10: 1 | C10: =D10+B10-1 -> 55 | D10: =C9+1 -> 55 | E10: RW | F10: 0x0 | G10: 是否需要将状态寄存器写回至lmem的res1_add处（store操作） 0：不需要 1：需要 | H10: ASITIS | I10: 0
A11: des_opt_res0_prec | B11: 3 | C11: =D11+B11-1 -> 58 | D11: =C10+1 -> 56 | E11: RW | F11: 0x2 | G11: res0数据类型 0: INT8 3: INT16 4: INT32 others:not supported | H11: ASITIS | I11: 0
A12: des_tsk_lane_num | B12: 64 | C12: =D12+B12-1 -> 127 | D12: 64 | E12: RW | F12: 0xffffffffffffffff | G12: lane mask 0: 代表对应的lane不会被写入 1: 代表对应的lane可以被写入 | H12: 0 | I12: 0
A13: des_res0_c | B13: 16 | C13: =D13+B13-1 -> 143 | D13: =C12+1 -> 128 | E13: RW | F13: 0x1 | G13: res0的c | H13: ASITIS | I13: 0
A14: des_res0_w | B14: 16 | C14: =D14+B14-1 -> 159 | D14: =C13+1 -> 144 | E14: RW | F14: 0x1 | G14: res0的w | H14: ASITIS | I14: 0
A15: des_opd2_n_str | B15: 16 | C15: =D15+B15-1 -> 175 | D15: =C14+1 -> 160 | E15: RW | F15: 0x1 | G15: c_offset | H15: ASITIS | I15: 0
A16: des_opd2_c_str | B16: 16 | C16: =D16+B16-1 -> 191 | D16: =C15+1 -> 176 | E16: RW | F16: 0x1 | G16: 表示prng jump 次数 | H16: ASITIS | I16: 0
A17: des_res0_addr | B17: 32 | C17: =D17+B17-1 -> 223 | D17: =C16+1 -> 192 | E17: RW | F17: 0x0 | G17: res0起始地址 | H17: ASITIS | I17: 0
A18: des_opd0_addr | B18: 32 | C18: =D18+B18-1 -> 255 | D18: =C17+1 -> 224 | E18: RW | F18: 0x0 | G18: 当是prng with loaded states时，表示states的地址 | H18: ASITIS | I18: 0
A19: des_res1_addr | B19: 32 | C19: =D19+B19-1 -> 287 | D19: =C18+1 -> 256 | E19: RW | F19: 0x0 | G19: 如果des_opt_add为1， 则表示需要将状态寄存器需要写回的地址 | H19: ASITIS | I19: 0

Sheet sSFU
A1: field | B1: Length（bit） | C1: High（bit） | D1: Low（bit） | E1: RW | F1: Default | G1: descriptions | H1: mdsfu opd0 = A | I1: code
A2: ='Command register base=0x0'!A2 -> des_cmd_short | B2: 1 | C2: =D2+B2-1 -> 0 | D2: 0 | E2: ='Command register base=0x0'!E2 -> RW | F2: ='Command register base=0x0'!F2 -> 0x0 | G2: 1: 256bit | H2: ASITIS | I2: 0
A3: ='Command register base=0x0'!A3 -> des_op_code | B3: ='Command register base=0x0'!B3 -> 16 | C3: =D3+B3-1 -> 16 | D3: =C2+1 -> 1 | E3: ='Command register base=0x0'!E3 -> RW | F3: ='Command register base=0x0'!F3 -> 0x0 | G3: TPU命令ID 0不可用 | H3: ASITIS | I3: 0
A4: ='Command register base=0x0'!A4 -> des_cmd_id_dep | B4: ='Command register base=0x0'!B4 -> 23 | C4: =D4+B4-1 -> 39 | D4: =C3+1 -> 17 | E4: ='Command register base=0x0'!E4 -> RW | F4: ='Command register base=0x0'!F4 -> 0x0 | G4: Dependency CMD ID 等待des_cmd_id_en指定外部eng ID完成后, 方可执行本descriptor | H4: ASITIS | I4: 0
A5: ='Command register base=0x0'!A5 -> des_dbg_mode | B5: ='Command register base=0x0'!B5 -> 1 | C5: =D5+B5-1 -> 40 | D5: =C4+1 -> 40 | E5: ='Command register base=0x0'!E5 -> RW | F5: ='Command register base=0x0'!F5 -> 0x0 | G5: debug single_step des_mode | H5: ASITIS | I5: 0
A6: ='Command register base=0x0'!A6 -> des_tsk_typ | B6: ='Command register base=0x0'!B6 -> 4 | C6: =D6+B6-1 -> 44 | D6: =C5+1 -> 41 | E6: ='Command register base=0x0'!E6 -> RW | F6: ='Command register base=0x0'!F6 -> 0x0 | G6: 指令任务类型 9: md sfu | H6: ASITIS | I6: 0
A7: ='Command register base=0x0'!A7 -> des_tsk_eu_typ | B7: ='Command register base=0x0'!B7 -> 5 | C7: =D7+B7-1 -> 49 | D7: =C6+1 -> 45 | E7: ='Command register base=0x0'!E7 -> RW | F7: ='Command register base=0x0'!F7 -> 0x0 | G7: 指令操作类型， 12: tailor_4x 13: tailor 15: normalize 17: rsqrt 其他: not support | H7: ASITIS | I7: 0
A8: des_rsvd0 | B8: 6 | C8: =D8+B8-1 -> 55 | D8: =C7+1 -> 50 | E8: RW | F8: 0x0 | G8: reserved0 | H8: 0 | I8: 2
A9: des_rsvd1 | B9: 3 | C9: =D9+B9-1 -> 58 | D9: =C8+1 -> 56 | E9: ='Command register base=0x0'!E12 -> RW | F9: ='Command register base=0x0'!F12 -> 0x0 | G9: reserved0 | H9: 0 | I9: 2
A10: des_pwr_step | B10: 4 | C10: =D10+B10-1 -> 62 | D10: =C9+1 -> 59 | E10: ='Command register base=0x0'!E13 -> RW | F10: ='Command register base=0x0'!F13 -> 0x0 | G10: power step | H10: ASITIS | I10: 0
A11: des_intr_en | B11: 1 | C11: =D11+B11-1 -> 63 | D11: =C10+1 -> 63 | E11: RW | F11: 0x0 | G11: reserved0 | H11: ASITIS | I11: 0
A12: ='Command register base=0x0'!A23 -> des_opt_res0_prec | B12: ='Command register base=0x0'!B23 -> 3 | C12: =D12+B12-1 -> 66 | D12: =C11+1 -> 64 | E12: ='Command register base=0x0'!E23 -> RW | F12: ='Command register base=0x0'!F23 -> 0x2 | G12: res0数据类型 如果指令操作类型是rsqrt，则 1: FP16 2: FP32 5: BF16 如果指令操作类型是normalize且opd0数据类型是FP16, 则 1: FP16 3: INT16 others: not support 如果指令操作类型是normalize且opd0数据类型是BF16, 则 1: BF16 3: INT16 others: not support 如果指令操作类型是normalize且opd0数据类型是FP32, 则 2: FP32 4: INT32 如果指令操作类型是泰勒展开，则 1: FP16 2: FP32 5: BF16 others: not support | H12: ASITIS | I12: 0
A13: ='Command register base=0x0'!A24 -> des_opt_opd0_prec | B13: ='Command register base=0x0'!B24 -> 3 | C13: =D13+B13-1 -> 69 | D13: =C12+1 -> 67 | E13: ='Command register base=0x0'!E24 -> RW | F13: ='Command register base=0x0'!F24 -> 0x2 | G13: opd0数据类型 如果指令操作类型是泰勒展开, normalize，则 1: FP16 2: FP32 5: BFP16 如果指令操作类型是rsqrt, 则 1: FP16 2: FP32 5: BF16 others: not support | H13: ASITIS | I13: 0
A14: ='Command register base=0x0'!A74 -> des_opd2_n_str | B14: 2 | C14: =D14+B14-1 -> 71 | D14: =C13+1 -> 70 | E14: ='Command register base=0x0'!E74 -> RW | F14: ='Command register base=0x0'!F74 -> 0x1 | G14: 如果指令操作类型是nsqrt，则表示牛顿迭代次数(des_opd2_n_str[1:0]+1) | H14: ASITIS | I14: 0
A15: des_rsvd2 | B15: 8 | C15: =D15+B15-1 -> 79 | D15: =C14+1 -> 72 | E15: ='Command register base=0x0'!E22 -> RW | F15: ='Command register base=0x0'!F22 -> 0x1 | G15: reserved0 | H15: 0 | I15: 2
A16: ='Command register base=0x0'!A56 -> des_res0_n | B16: ='Command register base=0x0'!B56 -> 16 | C16: =D16+B16-1 -> 95 | D16: =C15+1 -> 80 | E16: ='Command register base=0x0'!E56 -> RW | F16: ='Command register base=0x0'!F56 -> 0x1 | G16: res0的n, 0无效 | H16: ASITIS | I16: 0
A17: ='Command register base=0x0'!A57 -> des_res0_c | B17: ='Command register base=0x0'!B57 -> 16 | C17: =D17+B17-1 -> 111 | D17: =C16+1 -> 96 | E17: ='Command register base=0x0'!E57 -> RW | F17: ='Command register base=0x0'!F57 -> 0x1 | G17: res0的c, 0无效 | H17: ASITIS | I17: 0
A18: ='Command register base=0x0'!A58 -> des_res0_h | B18: ='Command register base=0x0'!B58 -> 16 | C18: =D18+B18-1 -> 127 | D18: =C17+1 -> 112 | E18: ='Command register base=0x0'!E58 -> RW | F18: ='Command register base=0x0'!F58 -> 0x1 | G18: res0的h, 0无效 | H18: ASITIS | I18: 0
A19: ='Command register base=0x0'!A59 -> des_res0_w | B19: ='Command register base=0x0'!B59 -> 16 | C19: =D19+B19-1 -> 143 | D19: =C18+1 -> 128 | E19: ='Command register base=0x0'!E59 -> RW | F19: ='Command register base=0x0'!F59 -> 0x1 | G19: res0的w, 0无效 | H19: ASITIS | I19: 0
A20: des_opd1_n | B20: ='Command register base=0x0'!B67 -> 16 | C20: =D20+B20-1 -> 159 | D20: =C19+1 -> 144 | E20: ='Command register base=0x0'!E67 -> RW | F20: ='Command register base=0x0'!F67 -> 0x1 | G20: 如果指令操作类型为泰勒展开，则 表示泰勒展开系数表的长度 其他指令操作类型 not support | H20: ASITIS | I20: 0
A21: ='Command register base=0x0'!A76 -> des_res0_addr | B21: ='Command register base=0x0'!B76 -> 32 | C21: =D21+B21-1 -> 191 | D21: =C20+1 -> 160 | E21: ='Command register base=0x0'!E76 -> RW | F21: ='Command register base=0x0'!F76 -> 0x0 | G21: res0起始地址 | H21: ASITIS | I21: 0
A22: ='Command register base=0x0'!A77 -> des_opd0_addr | B22: ='Command register base=0x0'!B77 -> 32 | C22: =D22+B22-1 -> 223 | D22: =C21+1 -> 192 | E22: ='Command register base=0x0'!E77 -> RW | F22: ='Command register base=0x0'!F77 -> 0x0 | G22: opd0起始地址 | H22: ASITIS | I22: 0
A23: ='Command register base=0x0'!A78 -> des_opd1_addr | B23: ='Command register base=0x0'!B78 -> 32 | C23: =D23+B23-1 -> 255 | D23: =C22+1 -> 224 | E23: ='Command register base=0x0'!E78 -> RW | F23: ='Command register base=0x0'!F78 -> 0x0 | G23: des_tsk_eu_type = tailor 表示泰勒展开系数表的在地址 others: not support | H23: ASITIS | I23: 0

Sheet sLIN
A1: field | B1: Length（bit） | C1: High（bit） | D1: Low（bit） | E1: RW | F1: Default | G1: descriptions | H1: md_linear opd0 =A opd1 =B opd2 =C | I1: code
A2: ='Command register base=0x0'!A2 -> des_cmd_short | B2: 1 | C2: =D2+B2-1 -> 0 | D2: 0 | E2: ='Command register base=0x0'!E2 -> RW | F2: ='Command register base=0x0'!F2 -> 0x0 | G2: 1: 384bit | H2: ASITIS | I2: 0
A3: ='Command register base=0x0'!A3 -> des_op_code | B3: ='Command register base=0x0'!B3 -> 16 | C3: =D3+B3-1 -> 16 | D3: =C2+1 -> 1 | E3: ='Command register base=0x0'!E3 -> RW | F3: ='Command register base=0x0'!F3 -> 0x0 | G3: TPU命令ID 0不可用 | H3: ASITIS | I3: 0
A4: ='Command register base=0x0'!A4 -> des_cmd_id_dep | B4: ='Command register base=0x0'!B4 -> 23 | C4: =D4+B4-1 -> 39 | D4: =C3+1 -> 17 | E4: ='Command register base=0x0'!E4 -> RW | F4: ='Command register base=0x0'!F4 -> 0x0 | G4: Dependency CMD ID 等待des_cmd_id_en指定外部eng ID完成后, 方可执行本descriptor | H4: ASITIS | I4: 0
A5: ='Command register base=0x0'!A5 -> des_dbg_mode | B5: ='Command register base=0x0'!B5 -> 1 | C5: =D5+B5-1 -> 40 | D5: =C4+1 -> 40 | E5: ='Command register base=0x0'!E5 -> RW | F5: ='Command register base=0x0'!F5 -> 0x0 | G5: debug single_step des_mode | H5: ASITIS | I5: 0
A6: ='Command register base=0x0'!A6 -> des_tsk_typ | B6: ='Command register base=0x0'!B6 -> 4 | C6: =D6+B6-1 -> 44 | D6: =C5+1 -> 41 | E6: ='Command register base=0x0'!E6 -> RW | F6: ='Command register base=0x0'!F6 -> 0x0 | G6: 指令任务类型 10: md linear | H6: ASITIS | I6: 0
A7: ='Command register base=0x0'!A7 -> des_tsk_eu_typ | B7: ='Command register base=0x0'!B7 -> 5 | C7: =D7+B7-1 -> 49 | D7: =C6+1 -> 45 | E7: ='Command register base=0x0'!E7 -> RW | F7: ='Command register base=0x0'!F7 -> 0x0 | G7: 指令操作类型 1: mac 20: (A + B)的平方 21: (A - B)的平方 其他：not support | H7: ASITIS | I7: 0
A8: ='Command register base=0x0'!A28 -> des_opt_opd1_const | B8: ='Command register base=0x0'!B28 -> 1 | C8: =D8+B8-1 -> 50 | D8: =C7+1 -> 50 | E8: ='Command register base=0x0'!E28 -> RW | F8: ='Command register base=0x0'!F28 -> 0x0 | G8: opd1是否常数, 如果是常数的话, 其值在des_opd1_addr中 0: 非常数 1: 常数 | H8: ASITIS | I8: 0
A9: ='Command register base=0x0'!A29 -> des_opt_opd2_const | B9: ='Command register base=0x0'!B29 -> 1 | C9: =D9+B9-1 -> 51 | D9: =C8+1 -> 51 | E9: ='Command register base=0x0'!E29 -> RW | F9: ='Command register base=0x0'!F29 -> 0x0 | G9: opd2是否常数, 如果是常数的话, 其值在des_opd1_addr中 0: 非常数 1: 常数 | H9: ASITIS | I9: 0
A10: ='Command register base=0x0'!A23 -> des_opt_res0_prec | B10: ='Command register base=0x0'!B23 -> 3 | C10: =D10+B10-1 -> 54 | D10: =C9+1 -> 52 | E10: ='Command register base=0x0'!E23 -> RW | F10: ='Command register base=0x0'!F23 -> 0x2 | G10: res0数据类型： 1: FP16 2: FP32 5: BFP16 7：FP8 others: not support | H10: ASITIS | I10: 0
A11: des_opt_rsv0 | B11: 29 | C11: =D11+B11-1 -> 83 | D11: =C10+1 -> 55 | H11: reserved | I11: 0
A12: des_opt_opd0_prec | B12: ='Command register base=0x0'!B25 -> 3 | C12: =D12+B12-1 -> 86 | D12: =C11+1 -> 84 | E12: RW | F12: 0x2 | G12: opd0数据类型 1: FP16 2: FP32 5: BFP16 7: FP8 others: not support | H12: ASITIS | I12: 0
A13: des_opd0_sign | B13: 1 | C13: =D13+B13-1 -> 87 | D13: =C12+1 -> 87 | E13: ='Command register base=0x0'!E24 -> RW | F13: 0x0 | G13: 数据类型是FP8时，结果为152格式或143格式 0：152格式 1：143格式 | H13: ASITIS | I13: 0
A14: des_opd1_sign | B14: 1 | C14: =D14+B14-1 -> 88 | D14: =C13+1 -> 88 | E14: ='Command register base=0x0'!E25 -> RW | F14: 0x0 | G14: 数据类型是FP8时，结果为152格式或143格式 0：152格式 1：143格式 | H14: ASITIS | I14: 0
A15: des_opd2_sign | B15: 1 | C15: =D15+B15-1 -> 89 | D15: =C14+1 -> 89 | E15: ='Command register base=0x0'!E26 -> RW | F15: 0x0 | G15: 数据类型是FP8时，结果为152格式或143格式 0：152格式 1：143格式 | H15: ASITIS | I15: 0
A16: des_res0_sign | B16: 1 | C16: =D16+B16-1 -> 90 | D16: =C15+1 -> 90 | E16: ='Command register base=0x0'!E12 -> RW | F16: 0x0 | G16: 数据类型是FP8时，结果为152格式或143格式 0：152格式 1：143格式 | H16: ASITIS | I16: 0
A17: des_pwr_step | B17: ='Command register base=0x0'!B13 -> 4 | C17: =D17+B17-1 -> 94 | D17: =C16+1 -> 91 | E17: ='Command register base=0x0'!E13 -> RW | F17: ='Command register base=0x0'!F13 -> 0x0 | G17: power step | H17: ASITIS | I17: 0
A18: des_intr_en | B18: 1 | C18: =D18+B18-1 -> 95 | D18: =C17+1 -> 95 | E18: ='Command register base=0x0'!E80 -> RW | F18: 0x0 | G18: 0: 该指令执行结束不发出intr 1: 该指令执行结束发出intr | H18: ASITIS | I18: 0
A19: ='Command register base=0x0'!A56 -> des_res0_n | B19: ='Command register base=0x0'!B56 -> 16 | C19: =D19+B19-1 -> 111 | D19: =C18+1 -> 96 | E19: ='Command register base=0x0'!E56 -> RW | F19: ='Command register base=0x0'!F56 -> 0x1 | G19: res0的n, 0无效 | H19: ASITIS | I19: 0
A20: ='Command register base=0x0'!A57 -> des_res0_c | B20: ='Command register base=0x0'!B57 -> 16 | C20: =D20+B20-1 -> 127 | D20: =C19+1 -> 112 | E20: ='Command register base=0x0'!E57 -> RW | F20: ='Command register base=0x0'!F57 -> 0x1 | G20: res0的c, 0无效 | H20: ASITIS | I20: 0
A21: ='Command register base=0x0'!A58 -> des_res0_h | B21: ='Command register base=0x0'!B58 -> 16 | C21: =D21+B21-1 -> 143 | D21: =C20+1 -> 128 | E21: ='Command register base=0x0'!E58 -> RW | F21: ='Command register base=0x0'!F58 -> 0x1 | G21: res0的h, 0无效 | H21: ASITIS | I21: 0
A22: ='Command register base=0x0'!A59 -> des_res0_w | B22: ='Command register base=0x0'!B59 -> 16 | C22: =D22+B22-1 -> 159 | D22: =C21+1 -> 144 | E22: ='Command register base=0x0'!E59 -> RW | F22: ='Command register base=0x0'!F59 -> 0x1 | G22: res0的w, 0无效 | H22: ASITIS | I22: 0
A23: ='Command register base=0x0'!A76 -> des_res0_addr | B23: ='Command register base=0x0'!B76 -> 32 | C23: =D23+B23-1 -> 191 | D23: =C22+1 -> 160 | E23: ='Command register base=0x0'!E76 -> RW | F23: ='Command register base=0x0'!F76 -> 0x0 | G23: res0起始地址 | H23: ASITIS | I23: 0
A24: ='Command register base=0x0'!A77 -> des_opd0_addr | B24: ='Command register base=0x0'!B77 -> 32 | C24: =D24+B24-1 -> 223 | D24: =C23+1 -> 192 | E24: ='Command register base=0x0'!E77 -> RW | F24: ='Command register base=0x0'!F77 -> 0x0 | G24: opd0起始地址 | H24: ASITIS | I24: 0
A25: ='Command register base=0x0'!A78 -> des_opd1_addr | B25: ='Command register base=0x0'!B78 -> 32 | C25: =D25+B25-1 -> 255 | D25: =C24+1 -> 224 | E25: ='Command register base=0x0'!E78 -> RW | F25: ='Command register base=0x0'!F78 -> 0x0 | G25: 如果des_opt_opd1_const为0, 表示opd1起始地址 如果des_opt_opd1_const为1, 表示opd1常数 | H25: ASITIS | I25: 0
A26: ='Command register base=0x0'!A79 -> des_opd2_addr | B26: ='Command register base=0x0'!B79 -> 32 | C26: =D26+B26-1 -> 287 | D26: =C25+1 -> 256 | E26: ='Command register base=0x0'!E79 -> RW | F26: ='Command register base=0x0'!F79 -> 0x0 | G26: 如果des_opt_opd2_const为0, 表示opd2起始地址 如果des_opt_opd2_const为1, 表示opd2常数 | H26: ASITIS | I26: 0

Sheet SYS_TR_WR
A1: field | B1: Length(bit) | C1: High(bit) | D1: Low(bit) | E1: RW | F1: Default | G1: descriptions | H1: tensor | I1: code
A2: des_imm0 | B2: 32 | C2: =B2+D2-1 -> 31 | D2: 0 | E2: RW | F2: 0x0 | G2: 立即数 | H2: ASITIS | I2: 0
A3: des_reg_idx0 | B3: 8 | C3: =B3+D3-1 -> 39 | D3: =C2+1 -> 32 | G3: 写入第一个寄存器的idx | H3: ASITIS | I3: 0
A4: des_intr_en | B4: 1 | C4: =B4+D4-1 -> 40 | D4: =C3+1 -> 40 | E4: RW | F4: 0x0 | G4: 0: 该指令执行结束不发出intr 1: 该指令执行结束发出intr | H4: ASITIS | I4: 0
A5: des_tsk_typ | B5: 4 | C5: =B5+D5-1 -> 44 | D5: =C4+1 -> 41 | E5: RW | F5: 0x0 | G5: 指令任务类型 12: SYS_TR_WR | H5: ASITIS | I5: 0
A6: des_tsk_eu_typ | B6: 3 | C6: =B6+D6-1 -> 47 | D6: =C5+1 -> 45 | E6: RW | F6: 0x0 | G6: 0: WR_IMM | H6: ASITIS | I6: 0
A7: des_reg_idx1 | B7: 8 | C7: =B7+D7-1 -> 55 | D7: =C6+1 -> 48 | E7: RW | F7: 0x0 | G7: 写入第二个寄存器的idx | H7: ASITIS | I7: 0
A8: des_reg_idx2 | B8: 8 | C8: =B8+D8-1 -> 63 | D8: =C7+1 -> 56 | E8: RW | F8: 0x0 | G8: 写入第三个寄存器的idx | H8: ASITIS | I8: 0
A9: des_imm1 | B9: 64 | C9: =B9+D9-1 -> 127 | D9: =C8+1 -> 64 | E9: RW | F9: 0x0 | G9: 立即数 | H9: ASITIS | I9: 0
A10: des_opd0_addr | B10: 32 | C10: NA | D10: NA | E10: NA | F10: NA | G10: gen code使用, 软件无需care | H10: des_cur[`SYS_TR_ACC_IMM0] | I10: 1
A11: des_tsk_lane_num | B11: 64 | C11: NA | D11: NA | E11: NA | F11: NA | G11: gen code使用, 软件无需care | H11: des_cur[`SYS_TR_ACC_IMM1] | I11: 1
A12: des_res0_addr | B12: 32 | C12: NA | D12: NA | E12: NA | F12: NA | G12: gen code使用, 软件无需care | H12: {8'd0, des_cur[`SYS_TR_ACC_REG_IDX2], des_cur[`SYS_TR_ACC_REG_IDX1], des_cur[`SYS_TR_ACC_REG_IDX0]} | I12: 1

Sheet sCMP
A1: field | B1: Length（bit） | C1: High（bit） | D1: Low（bit） | E1: RW | F1: Default | G1: descriptions | H1: md_cmp opd0 =A opd1 =B opd2 =C opd3 =D | I1: code
A2: ='Command register base=0x0'!A2 -> des_cmd_short | B2: ='Command register base=0x0'!B2 -> 1 | C2: =D2+B2-1 -> 0 | D2: 0 | E2: ='Command register base=0x0'!E2 -> RW | F2: ='Command register base=0x0'!F2 -> 0x0 | G2: 1: 384bit | H2: ASITIS | I2: 0
A3: ='Command register base=0x0'!A3 -> des_op_code | B3: ='Command register base=0x0'!B3 -> 16 | C3: =D3+B3-1 -> 16 | D3: =C2+1 -> 1 | E3: ='Command register base=0x0'!E3 -> RW | F3: ='Command register base=0x0'!F3 -> 0x0 | G3: TPU命令ID 0不可用 | H3: ASITIS | I3: 0
A4: ='Command register base=0x0'!A4 -> des_cmd_id_dep | B4: ='Command register base=0x0'!B4 -> 23 | C4: =D4+B4-1 -> 39 | D4: =C3+1 -> 17 | E4: ='Command register base=0x0'!E4 -> RW | F4: ='Command register base=0x0'!F4 -> 0x0 | G4: Dependency CMD ID 等待des_cmd_id_en指定外部eng ID完成后, 方可执行本descriptor | H4: ASITIS | I4: 0
A5: ='Command register base=0x0'!A5 -> des_dbg_mode | B5: ='Command register base=0x0'!B5 -> 1 | C5: =D5+B5-1 -> 40 | D5: =C4+1 -> 40 | E5: ='Command register base=0x0'!E5 -> RW | F5: ='Command register base=0x0'!F5 -> 0x0 | G5: debug single_step des_mode | H5: ASITIS | I5: 0
A6: ='Command register base=0x0'!A6 -> des_tsk_typ | B6: ='Command register base=0x0'!B6 -> 4 | C6: =D6+B6-1 -> 44 | D6: =C5+1 -> 41 | E6: ='Command register base=0x0'!E6 -> RW | F6: ='Command register base=0x0'!F6 -> 0x0 | G6: 指令任务类型 13: fused_cmp | H6: ASITIS | I6: 0
A7: ='Command register base=0x0'!A7 -> des_tsk_eu_typ | B7: ='Command register base=0x0'!B7 -> 5 | C7: =D7+B7-1 -> 49 | D7: =C6+1 -> 45 | E7: ='Command register base=0x0'!E7 -> RW | F7: ='Command register base=0x0'!F7 -> 0x0 | G7: 指令操作类型 22: CMP_gt and CMP_sel_gt 23: CMP_sel_gt 24: CMP_sel_eq 25: CMP_lt and CMP_sel_lt 26: CMP_sel_lt 27：CMP_srch_bin others: not support | H7: ASITIS | I7: 0
A8: des_opt_opd0_const | B8: 1 | C8: =D8+B8-1 -> 50 | D8: =C7+1 -> 50 | E8: RW | F8: 0x0 | G8: opd0是否常数_x000D_, 如果是常数的话, 其值在des_opd0_addr中 0: 非常数 1: 常数 | H8: ASITIS | I8: 0
A9: ='Command register base=0x0'!A28 -> des_opt_opd1_const | B9: ='Command register base=0x0'!B28 -> 1 | C9: =D9+B9-1 -> 51 | D9: =C8+1 -> 51 | E9: ='Command register base=0x0'!E28 -> RW | F9: ='Command register base=0x0'!F28 -> 0x0 | G9: opd1是否常数, 如果是常数的话，其值在des_opd1_addr中 0: 非常数 1: 常数 | H9: ASITIS | I9: 0
A10: ='Command register base=0x0'!A29 -> des_opt_opd2_const | B10: ='Command register base=0x0'!B29 -> 1 | C10: =D10+B10-1 -> 52 | D10: =C9+1 -> 52 | E10: ='Command register base=0x0'!E29 -> RW | F10: ='Command register base=0x0'!F29 -> 0x0 | G10: opd2是否常数, 如果是常数的话，其值在des_opd2_addr中 0: 非常数 1: 常数 | H10: ASITIS | I10: 0
A11: ='Command register base=0x0'!A37 -> des_opt_opd3_const | B11: ='Command register base=0x0'!B37 -> 1 | C11: =D11+B11-1 -> 53 | D11: =C10+1 -> 53 | E11: ='Command register base=0x0'!E37 -> RW | F11: ='Command register base=0x0'!F37 -> 0x0 | G11: opd3是否常数, 如果是常数的话, 其值在des_opd3_addr中 0: 非常数 1: 常数 | H11: ASITIS | I11: 0
A12: des_rsvd0 | B12: 2 | C12: =D12+B12-1 -> 55 | D12: =C11+1 -> 54 | E12: RW | F12: 0x0 | G12: reserved0 | H12: 0 | I12: 2
A13: des_rsvd1 | B13: ='Command register base=0x0'!B12 -> 3 | C13: =D13+B13-1 -> 58 | D13: =C12+1 -> 56 | E13: ='Command register base=0x0'!E12 -> RW | F13: ='Command register base=0x0'!F12 -> 0x0 | G13: reserved0 | H13: 0 | I13: 2
A14: des_pwr_step | B14: 4 | C14: =D14+B14-1 -> 62 | D14: =C13+1 -> 59 | E14: ='Command register base=0x0'!E23 -> RW | F14: ='Command register base=0x0'!F23 -> 0x2 | G14: power step | H14: ASITIS | I14: 0
A15: des_intr_en | B15: ='Command register base=0x0'!B20 -> 1 | C15: =D15+B15-1 -> 63 | D15: =C14+1 -> 63 | E15: ='Command register base=0x0'!E20 -> RW | F15: ='Command register base=0x0'!F20 -> 0x0 | G15: 0: 该指令执行结束不发出intr 1: 该指令执行结束发出intr | H15: ASITIS | I15: 0
A16: ='Command register base=0x0'!A24 -> des_opt_opd0_prec | B16: ='Command register base=0x0'!B24 -> 3 | C16: =D16+B16-1 -> 66 | D16: =C15+1 -> 64 | E16: ='Command register base=0x0'!E24 -> RW | F16: ='Command register base=0x0'!F24 -> 0x2 | G16: opd0数据类型 0: INT8 1: FP16 2: FP32 3: INT16 4: INT32 5: BFP16 others: not support | H16: ASITIS | I16: 0
A17: ='Command register base=0x0'!A26 -> des_opt_opd2_prec | B17: ='Command register base=0x0'!B26 -> 3 | C17: =D17+B17-1 -> 69 | D17: =C16+1 -> 67 | E17: ='Command register base=0x0'!E26 -> RW | F17: ='Command register base=0x0'!F26 -> 0x2 | G17: opd2数据类型 0: INT8 1: FP16 2: FP32 3: INT16 4: INT32 5: BFP16 others: not support | H17: ASITIS | I17: 0
A18: des_short_opd0_str | B18: 3 | C18: =D18+B18-1 -> 72 | D18: =C17+1 -> 70 | E18: RW | F18: 0x0 | G18: 0: 对齐 3: 张量 | H18: ASITIS | I18: 0
A19: des_short_opd1_str | B19: 3 | C19: =D19+B19-1 -> 75 | D19: =C18+1 -> 73 | E19: RW | F19: 0x0 | G19: 0: 对齐 3: 张量 | H19: ASITIS | I19: 0
A20: des_rsvd2 | B20: 50 | C20: =D20+B20-1 -> 125 | D20: =C19+1 -> 76 | E20: RW | F20: 0x0 | G20: reserved0 | H20: 0 | I20: 2
A21: des_opt_opd2_sign | B21: 1 | C21: =D21+B21-1 -> 126 | D21: =C20+1 -> 126 | E21: ='Command register base=0x0'!E25 -> RW | F21: ='Command register base=0x0'!F25 -> 0x2 | G21: cmp_srch_bin指令时，指定分入的区间 0：left 1：right | H21: ASITIS | I21: 0
A22: des_opt_opd0_sign | B22: 1 | C22: =D22+B22-1 -> 127 | D22: =C21+1 -> 127 | E22: ='Command register base=0x0'!E26 -> RW | F22: ='Command register base=0x0'!F26 -> 0x2 | G22: 当opd0是整数时，是否是有符号数 | H22: ASITIS | I22: 0
A23: ='Command register base=0x0'!A56 -> des_res0_n | B23: 16 | C23: =D23+B23-1 -> 143 | D23: =C22+1 -> 128 | E23: ='Command register base=0x0'!E56 -> RW | F23: ='Command register base=0x0'!F56 -> 0x1 | G23: res0的n, 0无效 | H23: ASITIS | I23: 0
A24: ='Command register base=0x0'!A57 -> des_res0_c | B24: 16 | C24: =D24+B24-1 -> 159 | D24: =C23+1 -> 144 | E24: ='Command register base=0x0'!E57 -> RW | F24: ='Command register base=0x0'!F57 -> 0x1 | G24: res0的c, 0无效 | H24: ASITIS | I24: 0
A25: ='Command register base=0x0'!A58 -> des_res0_h | B25: 16 | C25: =D25+B25-1 -> 175 | D25: =C24+1 -> 160 | E25: ='Command register base=0x0'!E58 -> RW | F25: ='Command register base=0x0'!F58 -> 0x1 | G25: res0的h, 0无效 | H25: ASITIS | I25: 0
A26: ='Command register base=0x0'!A59 -> des_res0_w | B26: 16 | C26: =D26+B26-1 -> 191 | D26: =C25+1 -> 176 | E26: ='Command register base=0x0'!E59 -> RW | F26: ='Command register base=0x0'!F59 -> 0x1 | G26: res0的w, 0无效 | H26: ASITIS | I26: 0
A27: ='Command register base=0x0'!A76 -> des_res0_addr | B27: 32 | C27: =D27+B27-1 -> 223 | D27: =C26+1 -> 192 | E27: ='Command register base=0x0'!E76 -> RW | F27: ='Command register base=0x0'!F76 -> 0x0 | G27: res0起始地址 | H27: ASITIS | I27: 0
A28: ='Command register base=0x0'!A88 -> des_res1_addr | B28: 32 | C28: =D28+B28-1 -> 255 | D28: =C27+1 -> 224 | E28: ='Command register base=0x0'!E88 -> RW | F28: ='Command register base=0x0'!F88 -> 0x0 | G28: res1起始地址 | H28: ASITIS | I28: 0
A29: ='Command register base=0x0'!A77 -> des_opd0_addr | B29: ='Command register base=0x0'!B77 -> 32 | C29: =D29+B29-1 -> 287 | D29: =C28+1 -> 256 | E29: ='Command register base=0x0'!E77 -> RW | F29: ='Command register base=0x0'!F77 -> 0x0 | G29: 如果des_opt_opd0_const为0, opd0起始地址, 如果opd0张量存储, 则opd0地址与数据类型宽度对齐即可 如果des_opt_opd0_const为1, opd0常数 | H29: ASITIS | I29: 0
A30: ='Command register base=0x0'!A78 -> des_opd1_addr | B30: ='Command register base=0x0'!B78 -> 32 | C30: =D30+B30-1 -> 319 | D30: =C29+1 -> 288 | E30: ='Command register base=0x0'!E78 -> RW | F30: ='Command register base=0x0'!F78 -> 0x0 | G30: 如果des_opt_opd1_const为0, opd1起始地址, 如果opd1张量存储, 则opd1地址与数据类型宽度对齐即可 如果des_opt_opd1_const为1, opd1常数 | H30: ASITIS | I30: 0
A31: ='Command register base=0x0'!A79 -> des_opd2_addr | B31: ='Command register base=0x0'!B79 -> 32 | C31: =D31+B31-1 -> 351 | D31: =C30+1 -> 320 | E31: ='Command register base=0x0'!E79 -> RW | F31: ='Command register base=0x0'!F79 -> 0x0 | G31: 如果des_opt_opd2_const为0, opd2起始地址 如果des_opt_opd2_const为1, opd2常数 | H31: ASITIS | I31: 0
A32: ='Command register base=0x0'!A89 -> des_opd3_addr | B32: ='Command register base=0x0'!B89 -> 32 | C32: =D32+B32-1 -> 383 | D32: =C31+1 -> 352 | E32: ='Command register base=0x0'!E89 -> RW | F32: ='Command register base=0x0'!F89 -> 0x0 | G32: 如果des_opt_opd3_const为0, opd3起始地址 如果des_opt_opd3_const为1, opd3常数 | H32: ASITIS | I32: 0

Sheet sVC
A1: field | B1: Length（bit） | C1: High（bit） | D1: Low（bit） | E1: RW | F1: Default | G1: descriptions | H1: vector_correlation opd0=X opd1=Y | I1: code
A2: ='Command register base=0x0'!A2 -> des_cmd_short | B2: ='Command register base=0x0'!B2 -> 1 | C2: =D2+B2-1 -> 0 | D2: 0 | E2: ='Command register base=0x0'!E2 -> RW | F2: ='Command register base=0x0'!F2 -> 0x0 | G2: 1: 384bit | H2: ASITIS | I2: 0
A3: ='Command register base=0x0'!A3 -> des_op_code | B3: ='Command register base=0x0'!B3 -> 16 | C3: =D3+B3-1 -> 16 | D3: =C2+1 -> 1 | E3: ='Command register base=0x0'!E3 -> RW | F3: ='Command register base=0x0'!F3 -> 0x0 | G3: TPU命令ID 0不可用 | H3: ASITIS | I3: 0
A4: ='Command register base=0x0'!A4 -> des_cmd_id_dep | B4: ='Command register base=0x0'!B4 -> 23 | C4: =D4+B4-1 -> 39 | D4: =C3+1 -> 17 | E4: ='Command register base=0x0'!E4 -> RW | F4: ='Command register base=0x0'!F4 -> 0x0 | G4: Dependency CMD ID 等待des_cmd_id_en指定外部eng ID完成后, 方可执行本descriptor | H4: ASITIS | I4: 0
A5: ='Command register base=0x0'!A5 -> des_dbg_mode | B5: ='Command register base=0x0'!B5 -> 1 | C5: =D5+B5-1 -> 40 | D5: =C4+1 -> 40 | E5: ='Command register base=0x0'!E5 -> RW | F5: ='Command register base=0x0'!F5 -> 0x0 | G5: debug single_step des_mode | H5: ASITIS | I5: 0
A6: ='Command register base=0x0'!A6 -> des_tsk_typ | B6: ='Command register base=0x0'!B6 -> 4 | C6: =D6+B6-1 -> 44 | D6: =C5+1 -> 41 | E6: ='Command register base=0x0'!E6 -> RW | F6: ='Command register base=0x0'!F6 -> 0x0 | G6: 指令任务类型 14: vector correlation | H6: ASITIS | I6: 0
A7: ='Command register base=0x0'!A7 -> des_tsk_eu_typ | B7: ='Command register base=0x0'!B7 -> 5 | C7: =D7+B7-1 -> 49 | D7: =C6+1 -> 45 | E7: ='Command register base=0x0'!E7 -> RW | F7: ='Command register base=0x0'!F7 -> 0x0 | G7: 指令操作类型 0: mul, 对于整数乘法，结果积数据宽度为操作数两倍，如果res0数据宽度与opd0和opd1宽度最大值相等, 则输出结果积的低半部分；如果res0数据宽度是opd0和opd宽度最大值两倍, 则完整输出结果积, 高半部分乘法器结果舍弃 2: add, 对于整数加法, 如果结果宽度为源操作数两倍, 则输出完整结果，高半部分结果舍弃; 如果结果宽度与源操作数宽度相等, 输出非饱和结果 3: sub, 对于整数加法, 如果结果宽度为源操作数两倍, 则输出完整结果，高半部分结果舍弃; 如果结果宽度与源操作数宽度相等，输出非饱和结果 4: max 5: min 7: and 8: or 9: xor 10: select_great 11: select_equal 12: div 13: select_less 15: add_satu, 仅支持整数加法, 结果宽度与源操作数宽度较大者相等, 结果作饱和处理 16: sub_satu, 仅支持整数加法, 结果宽度与源操作数宽度较大者相等, 结果作饱和处理 20: mul_satu 23: mulDHR, 对于整数乘法，结果积数据宽度为操作数两倍，如果res0数据宽度与opd0和opd1宽度最大值相等, 则输出结果积的高半部分；如果res0数据宽度是opd0和opd宽度最大值不相等, 则为非法指令 [N] others: not support | H7: ASITIS | I7: 0
A8: ='Command register base=0x0'!A20 -> des_opt_opd0_sign | B8: ='Command register base=0x0'!B20 -> 1 | C8: =D8+B8-1 -> 50 | D8: =C7+1 -> 50 | E8: ='Command register base=0x0'!E20 -> RW | F8: ='Command register base=0x0'!F20 -> 0x0 | G8: opd0是否有符号数 | H8: ASITIS | I8: 0
A9: ='Command register base=0x0'!A21 -> des_opt_opd1_sign | B9: ='Command register base=0x0'!B21 -> 1 | C9: =D9+B9-1 -> 51 | D9: =C8+1 -> 51 | E9: ='Command register base=0x0'!E21 -> RW | F9: ='Command register base=0x0'!F21 -> 0x1 | G9: opd1是否有符号数 | H9: ASITIS | I9: 0
A10: des_opd2_n_str | B10: 3 | C10: =D10+B10-1 -> 54 | D10: =C9+1 -> 52 | E10: ='Command register base=0x0'!E24 -> RW | F10: 0x0 | G10: 如果指令操作类型是mulDHR, round mode | H10: ASITIS | I10: 0
A11: res_sign | B11: 1 | C11: =D11+B11-1 -> 55 | D11: =C10+1 -> 55 | E11: RW | F11: 0x0 | G11: res0_sign | H11: ASITIS | I11: 0
A12: des_rsvd0 | B12: 3 | C12: =D12+B12-1 -> 58 | D12: =C11+1 -> 56 | E12: ='Command register base=0x0'!E12 -> RW | F12: ='Command register base=0x0'!F12 -> 0x0 | G12: reserved0 | H12: 0 | I12: 2
A13: des_pwr_step | B13: ='Command register base=0x0'!B13 -> 4 | C13: =D13+B13-1 -> 62 | D13: =C12+1 -> 59 | E13: ='Command register base=0x0'!E13 -> RW | F13: ='Command register base=0x0'!F13 -> 0x0 | G13: power step | H13: ASITIS | I13: 0
A14: des_intr_en | B14: 1 | C14: =D14+B14-1 -> 63 | D14: =C13+1 -> 63 | E14: ='Command register base=0x0'!E25 -> RW | F14: ='Command register base=0x0'!F25 -> 0x2 | G14: reserved0 | H14: ASITIS | I14: 0
A15: ='Command register base=0x0'!A23 -> des_opt_res0_prec | B15: ='Command register base=0x0'!B23 -> 3 | C15: =D15+B15-1 -> 66 | D15: =C14+1 -> 64 | E15: ='Command register base=0x0'!E23 -> RW | F15: ='Command register base=0x0'!F23 -> 0x2 | G15: res0数据类型 0: INT8 1: FP16 2: FP32 3: INT16 4: INT32 5: BFP16 其他指令操作类型: not support | H15: ASITIS | I15: 0
A16: ='Command register base=0x0'!A24 -> des_opt_opd0_prec | B16: ='Command register base=0x0'!B24 -> 3 | C16: =D16+B16-1 -> 69 | D16: =C15+1 -> 67 | E16: ='Command register base=0x0'!E24 -> RW | F16: ='Command register base=0x0'!F24 -> 0x2 | G16: opd0数据类型 0: INT8 1: FP16 2: FP32 3: INT16 4: INT32 5: BFP16 其他指令操作类型: not support | H16: ASITIS | I16: 0
A17: ='Command register base=0x0'!A25 -> des_opt_opd1_prec | B17: ='Command register base=0x0'!B25 -> 3 | C17: =D17+B17-1 -> 72 | D17: =C16+1 -> 70 | E17: ='Command register base=0x0'!E25 -> RW | F17: ='Command register base=0x0'!F25 -> 0x2 | G17: opd0数据类型 0: INT8 1: FP16 2: FP32 3: INT16 4: INT32 5: BFP16 其他指令操作类型: not support | H17: ASITIS | I17: 0
A18: ='Command register base=0x0'!A76 -> des_res0_addr | B18: 32 | C18: =D18+B18-1 -> 104 | D18: =C17+1 -> 73 | E18: ='Command register base=0x0'!E76 -> RW | F18: ='Command register base=0x0'!F76 -> 0x0 | G18: res0起始地址 | H18: ASITIS | I18: 0
A19: des_rsvd1 | B19: 23 | C19: =D19+B19-1 -> 127 | D19: =C18+1 -> 105 | E19: RW | F19: 0x0 | G19: reserved0 | H19: 0 | I19: 2
A20: des_opd0_addr | B20: 32 | C20: =D20+B20-1 -> 159 | D20: =C19+1 -> 128 | E20: ='Command register base=0x0'!E78 -> RW | F20: ='Command register base=0x0'!F78 -> 0x0 | G20: opd1起始地址 | H20: ASITIS | I20: 0
A21: des_rsvd2 | B21: ='Command register base=0x0'!B56 -> 16 | C21: =D21+B21-1 -> 175 | D21: =C20+1 -> 160 | E21: ='Command register base=0x0'!E56 -> RW | F21: ='Command register base=0x0'!F56 -> 0x1 | G21: reserved0 | H21: 0 | I21: 2
A22: ='Command register base=0x0'!A57 -> des_res0_c | B22: ='Command register base=0x0'!B57 -> 16 | C22: =D22+B22-1 -> 191 | D22: =C21+1 -> 176 | E22: ='Command register base=0x0'!E57 -> RW | F22: ='Command register base=0x0'!F57 -> 0x1 | G22: res0的c, opd1的c | H22: ASITIS | I22: 0
A23: ='Command register base=0x0'!A59 -> des_res0_w | B23: ='Command register base=0x0'!B59 -> 16 | C23: =D23+B23-1 -> 207 | D23: =C22+1 -> 192 | E23: ='Command register base=0x0'!E59 -> RW | F23: ='Command register base=0x0'!F59 -> 0x1 | G23: res0的w, opd1的w | H23: ASITIS | I23: 0
A24: ='Command register base=0x0'!A61 -> des_opd0_c | B24: ='Command register base=0x0'!B61 -> 16 | C24: =D24+B24-1 -> 223 | D24: =C23+1 -> 208 | E24: ='Command register base=0x0'!E61 -> RW | F24: ='Command register base=0x0'!F61 -> 0x1 | G24: opd0的c | H24: ASITIS | I24: 0
A25: ='Command register base=0x0'!A63 -> des_opd0_w | B25: ='Command register base=0x0'!B63 -> 16 | C25: =D25+B25-1 -> 239 | D25: =C24+1 -> 224 | E25: ='Command register base=0x0'!E63 -> RW | F25: ='Command register base=0x0'!F63 -> 0x1 | G25: opd0的w | H25: ASITIS | I25: 0
A26: ='Command register base=0x0'!A67 -> des_opd1_w | B26: ='Command register base=0x0'!B67 -> 16 | C26: =D26+B26-1 -> 255 | D26: =C25+1 -> 240 | E26: ='Command register base=0x0'!E67 -> RW | F26: ='Command register base=0x0'!F67 -> 0x1 | G26: 一维向量opd0以tensor方式存储，最后一个channel的W WX_LAST(tensorX为M维，WX为其w，CX为其c，WX_LAST = M-WX*CX) | H26: ASITIS | I26: 0
A27: des_opd1_addr | B27: 32 | C27: =D27+B27-1 -> 287 | D27: =C26+1 -> 256 | E27: ='Command register base=0x0'!E77 -> RW | F27: ='Command register base=0x0'!F77 -> 0x0 | G27: opd0起始地址 | H27: ASITIS | I27: 0
A28: des_opd2_addr | B28: 32 | C28: =D28+B28-1 -> 319 | D28: =C27+1 -> 288 | E28: ='Command register base=0x0'!E85 -> RW | F28: ='Command register base=0x0'!F85 -> 0x1 | G28: opd1起始地址 | H28: ASITIS | I28: 0
A29: des_rsvd3 | B29: 64 | C29: =D29+B29-1 -> 383 | D29: =C28+1 -> 320 | E29: ='Command register base=0x0'!E64 -> RW | F29: ='Command register base=0x0'!F64 -> 0x1 | G29: reserved0 | H29: 0 | I29: 2

Sheet SYS
A1: field | B1: Length(bit) | C1: High(bit) | D1: Low(bit) | E1: RW | F1: Default | G1: descriptions | H1: tensor | I1: code
A2: des_rsvd0 | B2: 1 | C2: =B2+D2-1 -> 0 | D2: 0 | E2: RW | F2: 0x0 | G2: reserved0 | H2: 0 | I2: 2
A3: des_rsvd1 | B3: 16 | C3: =B3+D3-1 -> 16 | D3: =C2+1 -> 1 | E3: RW | F3: 0x0 | G3: reserved0 0不可用 | H3: 0 | I3: 2
A4: ='Command register base=0x0'!A4 -> des_cmd_id_dep | B4: 23 | C4: =B4+D4-1 -> 39 | D4: =C3+1 -> 17 | E4: RW | F4: 0x0 | G4: Dependency CMD ID 等待des_cmd_id_en指定外部eng ID完成后, 方可执行本descriptor | H4: ASITIS | I4: 0
A5: ='Command register base=0x0'!A5 -> des_dbg_mode | B5: 1 | C5: =B5+D5-1 -> 40 | D5: =C4+1 -> 40 | E5: ='Command register base=0x0'!E5 -> RW | F5: ='Command register base=0x0'!F5 -> 0x0 | G5: debug single_step des_mode | H5: ASITIS | I5: 0
A6: ='Command register base=0x0'!A6 -> des_tsk_typ | B6: 4 | C6: =B6+D6-1 -> 44 | D6: =C5+1 -> 41 | E6: RW | F6: 0x0 | G6: 指令任务类型 15: sys | H6: ASITIS | I6: 0
A7: des_tsk_eu_typ | B7: 5 | C7: =B7+D7-1 -> 49 | D7: =C6+1 -> 45 | E7: RW | F7: 0x0 | G7: 0: intr barrier [N] 1: spb -- software power boot 2: swr 3: swr_from_lmem 4: swr_collect_from_lmem 5: data barrier[N] 8: send_msg 9: wait_msg 10: sys_fork 11: sys_join 12: sys_exit 13: rand_seed 30: nop 31: end | H7: ASITIS | I7: 0
A8: des_reg_vld | B8: 2 | C8: =B8+D8-1 -> 51 | D8: =C7+1 -> 50 | E8: RW | F8: 0x0 | G8: 如果指令操作类型是swr, swr_from_lmem则 des_reg_vld[1]: 指令寄存器长效valid bit des_reg_vld[0]: 指令寄存器短效valid bit 其他, ignore | H8: ASITIS | I8: 0
A9: des_reg_idx | B9: 7 | C9: =B9+D9-1 -> 58 | D9: =C8+1 -> 52 | E9: RW | F9: 0x0 | G9: 如果指令操作类型是swr, swr_from_lmem则 指令寄存器index 其他, ignore | H9: 0 | I9: 2
A10: des_pwr_step | B10: 4 | C10: =B10+D10-1 -> 62 | D10: =C9+1 -> 59 | E10: RW | F10: 0x0 | G10: power step | H10: ASITIS | I10: 0
A11: des_intr_en | B11: 1 | C11: =B11+D11-1 -> 63 | D11: =C10+1 -> 63 | E11: RW | F11: 0x0 | G11: 0: 该指令执行结束不发出intr 1: 该指令执行结束发出intr | H11: ASITIS | I11: 0
A12: des_imm | B12: 64 | C12: =B12+D12-1 -> 127 | D12: =C11+1 -> 64 | E12: RW | F12: 0x0 | G12: 如果指令操作类型是send_msg, 则 des_imm[7:0]: message id - 8bit des_imm[9:8]: dst_id - 2bit des_imm[22:16]: wait_cnt - 7bit 如果指令操作类型是wait_msg, 则 des_imm[7:0]: message id des_imm[9:8]: dst_id - 2bit des_imm[22:16]: send_cnt 如果指令操作类型是swr, 则 立即数 如果指令操作类型是swr_from_lmem, 则 低32位表示opd0地址，opd0 tensor为(1, 1, 1, 64), prec为INT8, 对齐存储 如果指令操作类型是swr_collenct_from_lmem, 则 低32位表示opd0地址, opd0 tensor为(1, 64, 1, 1), prec为INT8, 紧凑存储 | H12: ASITIS | I12: 0
A13: des_opt_opd0_prec | B13: 2 | C13: NA | D13: NA | E13: NA | F13: NA | G13: gen code使用, 软件无需care | H13: `INT8 | I13: 1
A14: des_short_opd0_str | B14: 3 | C14: NA | D14: NA | E14: NA | F14: NA | G14: gen code使用, 软件无需care | H14: ((des_cur[`DES_TSK_EU_TYP] == `DES_SYS_SWR_FLMEM) ? 3'd0 : 3'd1) | I14: 1
A15: des_opd0_n | B15: 16 | C15: NA | D15: NA | E15: NA | F15: NA | G15: gen code使用, 软件无需care | H15: 1 | I15: 2
A16: des_opd0_c | B16: 16 | C16: NA | D16: NA | E16: NA | F16: NA | G16: gen code使用, 软件无需care | H16: ((des_cur[`DES_TSK_EU_TYP] == `DES_SYS_SWR_FLMEM) ? 16'd1 : 16'd64) | I16: 1
A17: des_opd0_h | B17: 16 | C17: NA | D17: NA | E17: NA | F17: NA | G17: gen code使用, 软件无需care | H17: 1 | I17: 2
A18: des_opd0_w | B18: 16 | C18: NA | D18: NA | E18: NA | F18: NA | G18: gen code使用, 软件无需care | H18: ((des_cur[`DES_TSK_EU_TYP] == `DES_SYS_SWR_FLMEM) ? 16'd64 : 16'd1) | I18: 1
A19: des_opd0_addr | B19: 32 | C19: NA | D19: NA | E19: NA | F19: NA | G19: gen code使用, 软件无需care | H19: des_cur[95:64] | I19: 1
A20: des_tsk_lane_num | B20: 64 | C20: NA | D20: NA | E20: NA | F20: NA | G20: gen code使用, 软件无需care | H20: des_cur[`SYS_NORM_IMM] | I20: 1
A21: des_opd2_n_str | B21: 16 | C21: NA | D21: NA | E21: NA | F21: NA | G21: gen code使用, 软件无需care | H21: {7'd0, des_cur[`SYS_NORM_REG_VLD], des_cur[`SYS_NORM_REG_IDX]} | I21: 1
